group,c1,c2,y
B,4.058117888138774,5.329581540616428,12.649034977381444
A,4.19494483833423,3.8394763027789236,17.30908342509048
A,2.24641066619721,10.694665954185535,15.695646076805179
B,2.5109121205320513,6.414959550721198,11.535752355564618
B,3.1947221710466,6.116839177956942,14.954389254136645
B,1.736451078468056,5.284335509407014,13.59763947588919
B,4.261710729059337,2.967360881933009,13.6191093212276
C,0.9972272035219291,2.718281828459045,5.476909327042826
A,3.4318813752021002,5.0823458792134195,14.456803353414017
C,0.21432574875748578,2.718281828459045,6.8046377923476635
A,3.7593466862766043,3.529570613462152,15.735418195079632
B,1.26841104235928,4.24379653152275,11.763043936570162
A,2.882724368952294,6.324500180945564,13.762228246468286
B,3.4378084497060373,6.701451831876528,14.577333776269715
A,4.713130523056423,5.436414951542339,17.160792478146213
A,1.9500374397695237,14.526591122432214,15.410453447277208
B,1.6876246815082134,3.443833443733945,13.482156835507848
A,1.9429416005076758,4.103079806915836,19.839855589130607
B,3.347918882159645,7.10757521782922,14.951031135992455
B,0.24586607633907143,2.8337787509182744,7.749102762408572
C,2.7422040007421766,14.151387342871754,16.986126536312995
C,1.856931313180402,4.824730314704318,9.70630129646249
B,3.160618526672987,2.756429443688852,10.7408365352589
A,2.1248822632765134,6.918431075668103,13.546810211393502
A,2.946656400118564,3.0355239457466237,15.135594393533411
C,-0.035087415793036536,2.718281828459045,9.07049224853348
B,1.8045405824204523,5.326025753459076,10.968142508784865
B,2.399608467411986,6.238691578705591,13.9237384250483
A,3.847922506078681,19.9374889344585,16.47808075208385
C,2.624799567088723,2.718281828459045,4.324730858141868
A,2.971805939997813,17.619765276962216,13.758132619220621
A,3.2003417910722316,4.222836336156304,13.295226957953213
A,3.431222128919736,2.7696272004382703,15.188368497364657
A,3.778980290260035,6.739663511707156,15.803101012000527
B,2.5553948272706277,2.9035141400493805,9.869841069988976
C,0.4199397766551062,2.718281828459045,11.232101048229989
C,-0.03086997755136167,2.718281828459045,8.252863067740705
A,3.0964714936845636,7.84168895058063,17.543458726575395
A,4.100852554423672,11.20618118945501,17.103027783684432
B,1.0979941134099989,2.718281828459045,8.678619107260122
C,-0.1037896889622516,2.718281828459045,8.978958700719627
A,2.9820683208198897,11.57841581286468,12.68776232684267
C,0.4772048633702768,2.718281828459045,9.741587186627772
A,1.5514196652619794,9.489106999955432,14.229732968272055
B,2.5904679077095434,3.2446575556372794,13.06052052227146
B,1.8795209330125857,3.8061097306387266,11.094596914919373
C,2.316723294318256,7.205209029498569,13.981396895324568
B,3.0953390159813257,2.9039909945337885,14.512093816442018
B,2.52415093573228,3.0318441014900883,13.884696198505477
B,1.3571539851148082,5.996512342642352,9.477818314826331
C,-0.18903457007862556,2.718281828459045,10.423070355996401
C,2.650066975551608,2.718281828459045,9.243036603717048
C,2.5965888307560068,2.718281828459045,8.98870499680098
C,-0.3967643517648698,2.718281828459045,12.011326283159683
A,4.0197037682293155,10.025634574641563,17.76165243681909
C,2.6957886743148465,4.945847924191954,14.085062464320051
A,4.987358396084983,7.488533473750456,17.559445103996847
C,1.9990939642236232,2.718281828459045,6.94641385282416
C,0.8620628724631149,2.718281828459045,6.4686793537555864
C,2.4535041532476476,2.718281828459045,6.8989321950157745
C,-0.3116734457992969,2.718281828459045,8.917470505358517
B,3.3002040976817346,3.5804565059338787,11.081777716244279
C,1.3709312074893103,2.718281828459045,7.371706086663037
C,-0.3346353557337751,2.718281828459045,5.797889613733066
B,2.1313772698143856,7.147708266254856,11.404437717630223
A,2.6092721515459485,19.43006906132554,12.297517190510977
B,1.2431929292752923,2.9600546492660422,13.234185225533498
A,1.9133803753627232,10.581682939752984,16.774980566761876
A,3.921041407714557,13.71317018962696,16.518830205006502
B,0.7780160996075992,2.718281828459045,9.413680735213756
A,1.848314137146295,9.693167084400395,14.348486671718579
C,2.888481901620921,2.718281828459045,8.43869090437741
B,1.1418000470120395,2.7278185289087524,13.791675778168953
C,-0.2641675203705196,2.718281828459045,9.193016523891643
C,2.439630223781636,2.718281828459045,8.622297163554087
B,1.9003461993974595,4.705077387368695,10.840541622593197
B,2.1393081308575215,5.994405714376002,13.496326233005679
B,3.5495786900295903,3.3361136933592634,13.781449480273732
B,2.8225841732449974,2.8082713390402847,9.940533906922504
B,1.5613148642071013,5.18038726960296,12.264392098501308
B,1.1379269185563643,4.339903823250886,10.434252408888003
B,1.20213621705015,2.718281828459045,6.959827759152683
A,3.8606878771070035,7.428040915391364,17.488653483179668
B,2.123060578001717,4.945130559513676,13.88852576586876
A,1.0885910396804739,13.944303805624633,16.368123775983783
B,2.7868133994340023,4.587332195300971,9.517172086680217
B,1.8994772567502332,6.732349497534577,10.841276093075617
B,1.836208083282065,3.1153580046027374,14.02086501748477
A,3.0331952696657787,3.144575349509394,17.637159204552283
C,1.9233555696201825,2.718281828459045,10.054473470638587
B,0.5814969539803605,4.3012588492604396,15.149862537114277
B,3.174394947693555,4.387821948743591,8.218577181879226
C,2.385633696904964,2.718281828459045,6.305468008979348
C,1.5042976757521116,2.718281828459045,11.384547312915995
C,0.040755548324034496,2.718281828459045,6.475862733748967
A,4.917121365278005,10.566693743542086,19.446557445821316
B,2.5409712568841627,5.626828912653278,13.225856488787056
C,-0.138215650886081,2.718281828459045,6.780465772325068
C,2.1846246267552996,2.718281828459045,5.36850979498552
A,2.2053843943083806,5.150841862043069,19.414512357850885
B,2.80193259906387,5.630543178489548,10.331437522134799
A,3.025278638778285,17.0816003421538,18.14900040959474
C,0.80787705502918,2.718281828459045,4.485447302376359
B,1.2372257312993944,3.6000935883371166,8.526967864593736
B,0.45328357054419954,4.276997623109664,12.030297965064829
C,1.3550252869025547,2.718281828459045,11.344277276293099
C,1.4974991714715018,2.718281828459045,7.7126755494471055
A,2.6268929183156393,11.059698202947757,12.89405745491677
A,3.479958224708947,14.121002960938757,13.451221166290042
A,1.5285858325958113,2.896450632609205,11.434481112466731
A,3.2234027684388256,4.284715900735484,17.841164011610648
B,1.9373382739202814,3.2320854586776537,13.914256185794532
C,0.3620343685356503,2.718281828459045,10.728484702530933
B,2.0947545282008386,6.43368057059799,11.794927456536236
A,2.750781393907927,5.794335249444644,13.912599879806205
A,0.660054988928479,2.718281828459045,7.6086173735386025
A,4.055611660084537,10.326714827301302,12.240248661700333
C,-1.2247662657347438,2.718281828459045,6.282899019695394
C,-0.608214524881675,2.718281828459045,11.710330842488773
A,4.41176266011577,6.751509179815925,16.70663182368456
A,3.5875585741101674,6.77071843647657,15.907579073391112
A,3.804272735413245,8.459483472124292,15.914841196723888
C,1.5228477867286108,2.718281828459045,10.566984341637886
B,1.9839764497343944,4.066092341819795,11.705766187888138
C,2.1445043988166983,2.718281828459045,8.43409109942375
C,0.6469140554094528,2.718281828459045,10.102151857015045
A,3.176035936156535,6.302190018514419,11.916676504799852
A,2.5853740086829577,2.9158754508892186,14.902363345912143
A,2.8093618877806947,5.861166613476172,16.021707411459076
B,4.866026478166608,4.843149325763151,11.569283713683241
A,2.481042691619963,16.942371314990638,16.959515878934376
A,1.151897702419586,13.131028605289533,13.015836142505435
B,2.168697329631718,4.458141111477317,13.228666175715844
C,0.4059344640339658,2.718281828459045,7.042407771530109
A,3.771395173946277,5.740710653980231,18.08062019876699
B,0.06289521222779593,4.630189796699301,9.34742617893849
A,4.162580354649773,7.025241539847727,13.566102697359641
B,1.9334007461809057,3.473584182102907,12.121625796366903
C,0.6475798457529369,2.718281828459045,7.773485376849953
C,0.47458868779803176,2.718281828459045,9.83273544904051
A,2.53683061998133,16.064896978849,12.95531232088819
C,3.6135294623551344,7.924870170635043,19.775363236598757
C,1.0272161900739405,2.718281828459045,9.261012274154082
B,1.503205469601748,2.7996281242902645,13.013892187103725
C,0.46279828641107,2.718281828459045,10.376769988276502
C,1.0301676550860066,2.718281828459045,8.952352601424762
A,2.4743938024526053,11.160319407346297,17.438905439139802
B,4.764474273310023,11.645324804690683,20.331063134745
C,0.07580163717870736,2.718281828459045,9.171113904582734
A,3.597160365441214,4.741214267483749,19.02162446206247
C,1.3869334954186425,2.718281828459045,6.821453185839703
A,2.6083582481170153,10.295862434990324,14.356582480942492
C,0.819638216260851,2.718281828459045,8.595405241176033
B,2.177410090912009,6.959875073978365,13.080732827286276
A,2.9550214276777695,5.654061274093042,14.277560800762343
B,1.5693233787128458,3.634544949335696,13.72461054404263
C,1.6350787553640487,2.718281828459045,7.658894730310751
B,1.5812325166242251,6.1019055562873215,15.662180257684788
B,2.101643070398383,6.135374366064294,12.127222278066487
C,1.5531649902482416,2.718281828459045,8.131313824977026
C,0.17545469622088705,2.718281828459045,7.15711375857212
B,1.7739181986936792,3.251051511413843,15.134008014460807
C,0.9845840164634372,2.718281828459045,7.694029218613777
A,2.50490676173981,10.046313580368516,11.945384215374972
B,2.151519596571307,4.107240973346615,16.224717989326457
B,3.1136479776428247,4.118229821874788,12.439383316590083
B,0.4464134411840891,2.718281828459045,8.142871986390738
C,1.384333683687831,2.718281828459045,7.74588779704608
B,1.804682307414109,3.8830910582538873,8.76069687461979
C,1.3836475145009286,2.718281828459045,6.438800701723469
C,-1.2090926076679986,2.718281828459045,8.76241758683908
B,2.1800239194695457,3.3392711102722985,14.256115943732274
A,2.4978992018383823,14.732324980728528,15.312874309467691
A,2.4240010459758383,4.171477140297986,11.884468098348384
A,3.308975747070929,14.721506754632342,15.133189885156352
B,2.836066974641013,3.6917037420589844,9.836822397982008
B,1.0247700137847366,2.8994629044672933,13.984365159319127
A,2.276573970758411,3.8837506672093545,11.358678433458843
B,1.4932969204184028,3.8230940130056403,11.522430279137406
C,3.5322192273603,4.501844719866724,19.32843301201122
A,1.1372786432600237,5.100061493415281,13.62533346542715
A,2.3327590662995474,4.034529679484749,18.450174574254746
A,2.094524997803208,8.639675755470885,18.43101232434924
A,4.075261857139869,3.767455209105299,16.30285145537422
C,2.5390622080658805,2.718281828459045,5.312593631318775
A,3.163375945334989,16.043638971076092,16.68778148838439
A,2.4418625266643685,11.556877534023078,16.544121385945623
C,0.5422927403172817,2.718281828459045,9.260112820294292
C,1.4143889016193638,2.718281828459045,9.962941655612571
B,4.851689808460229,5.120650791670913,11.271399437678522
B,3.0086525116637297,6.395709781040109,15.892889791440037
C,1.4112857937387824,2.718281828459045,10.145676611385285
A,3.3996598022943356,3.9360032027832603,14.812960625650016
B,2.3779736738313217,2.7333472918033057,14.711685524929171
B,0.9900789152298357,4.986655046880912,9.419581664698914
B,0.4889638281022757,6.424339860846201,8.176611110818323
B,1.7865863410810643,2.8720306980275563,11.275441271264498
A,1.048831902925098,5.758106477741028,17.712447061823678
A,3.721730883816915,16.135968540599077,16.88693975337253
A,4.4757160618291465,18.82826708879939,19.073640317994496
B,1.5013359042871195,4.407388699327996,8.87027565317393
A,1.9394764368658979,4.292157501751726,8.39088949026499
B,2.686803148463337,4.424255950412898,9.930357630989354
A,2.8421682305930553,12.592526918856041,15.216440582055547
A,3.1088146643735004,10.723532482986442,16.57839612253033
C,1.1321382847014616,2.718281828459045,4.572171982962311
C,0.14668760054382812,2.718281828459045,5.0754878851838905
C,-1.77747591704561,2.718281828459045,8.64534991016603
B,4.407292309023273,5.687662097792927,10.035232499119271
A,4.290173362993346,16.628274194530736,14.986236473402645
A,2.5798741973042416,18.230186670644066,9.740428488158889
A,3.570639399772377,4.121016384806517,15.344544829409543
B,2.8639365070288423,3.2368382062111536,11.568783575434388
C,3.759718191899297,10.631605581163056,14.613100795074885
B,1.2284640096493473,5.279336130195235,11.518254833011994
A,2.0885297907492566,5.412210810522682,15.35861455497907
A,2.3142178998531127,12.776365877627594,16.418261151551555
A,2.3206556611109628,10.34417497381662,16.809423645334245
C,0.4298469528731206,2.718281828459045,9.722024456955824
B,1.7200142609756663,4.0849382596485535,7.743755548429627
C,-0.2801797384454594,2.718281828459045,9.996255765223502
C,1.3115942020565479,2.718281828459045,7.783159957527785
A,1.1463187975799671,2.718281828459045,10.658684399641153
B,2.0437053702446626,2.718281828459045,12.009128843351295
C,0.3068439273675021,2.718281828459045,6.92556560741688
B,2.8984704684950646,2.74522180396406,14.246600583138816
B,1.3664781397474475,7.320485299108955,10.583291175955631
B,2.947921443004788,4.785307552989843,14.086592670753614
B,1.699177770025081,6.882097817739699,14.145969654533898
A,0.9250341436240919,2.718281828459045,7.719946532824897
B,0.3433725899697887,2.718281828459045,8.47104579095836
C,2.031236747167877,3.7343168204541617,15.325236470523798
C,2.034868616890771,2.718281828459045,7.080333936537711
B,1.2772282753397963,6.3785253812120954,13.52275278283349
B,0.675062594452565,3.5657089431453026,12.578055359939553
A,4.481511980803401,3.8757509047495433,20.96450782229497
A,3.494767340326889,17.060676427283195,16.79067804127815
B,2.136711125862471,3.717788389779308,12.421431620831786
A,2.7552103559119328,16.322651442570084,16.4933509187585
C,0.10604947257890396,2.718281828459045,7.087421897476536
B,3.223289221403469,4.420816349723421,10.9231727552697
B,1.6169233596531927,5.5796226524805315,15.207214237347117
A,1.8191543407672643,11.094889821894522,15.606278317850228
A,4.606587817326339,5.546758699894979,14.581861163434748
C,1.0026479495184397,2.718281828459045,9.175764796123758
B,1.9980664613196406,3.0375318601941115,14.077415738888321
C,1.899870334024223,2.718281828459045,6.788497580156347
A,2.8395514629839864,8.624898571483529,15.399993511397456
C,2.9506101187910825,2.718281828459045,8.118910497304107
C,-1.3882228130849392,2.718281828459045,7.242879388308367
A,3.8378587797253148,2.9350257375233157,11.432456044919427
B,1.4578224118413723,2.763495946325952,12.197040906207935
C,1.7998414284660862,2.718281828459045,7.32514970096844
B,1.5956495330699816,5.909742862952448,8.147204158922651
C,2.9136718888799438,2.718281828459045,8.072883442665741
C,-0.3925232914858783,2.718281828459045,9.308272805177218
A,0.08936204159103012,2.718281828459045,9.15158250110564
C,2.422105367590018,5.498577779029181,8.711233691428731
C,1.173454386747404,2.718281828459045,7.501725244195518
C,2.013770368223052,3.968447524382869,21.682742620597242
C,1.668913217963516,2.718281828459045,8.383770795185255
C,0.9212926893146063,2.718281828459045,7.0286211484505765
B,0.9573186549456849,3.4737669778221547,12.671411160506338
A,3.427524624871173,2.9948032251529506,15.63970724262776
C,0.9825306251330761,2.718281828459045,8.573945121580383
B,2.408826783024806,6.044579402217107,11.300440645660089
C,0.05773737497422937,2.718281828459045,10.208128251753147
C,1.020857863203517,2.718281828459045,6.235560383061068
C,-0.19721780926942345,2.718281828459045,8.00928538672635
B,0.33326683182014616,3.129129566916569,13.30788294596561
C,1.110949985857049,2.718281828459045,9.249508464744594
B,3.052502408583563,3.129974835579773,9.119097021513014
B,2.2164577147248865,6.215950062706242,15.66029095154075
A,2.6117064589263395,7.663095211282477,16.5923152807609
A,1.479702381738855,2.718281828459045,10.521701903137163
C,0.7225805637816072,2.718281828459045,6.079526052358671
A,4.343195567595544,19.40826830533018,14.32380045375776
A,1.6821988868627495,18.995165214448466,14.900121599704594
C,-0.5707955977468575,2.718281828459045,10.53948825544365
B,2.031737584513012,4.599867507353671,9.44242015348279
A,2.5190395351807906,3.3106988220378075,14.596416927193516
B,2.4206207800882065,3.034552451748487,11.57775907901678
B,2.345496328409884,3.3124491125512896,11.104850991886405
C,0.620460916565065,2.718281828459045,8.845868894641566
A,3.707715086767117,6.468656549658935,15.253401731524896
C,0.8893500080022771,2.718281828459045,8.649565365438592
A,4.341338453157442,16.084213391115888,13.648824646664002
C,0.3482612904009783,2.718281828459045,5.471922920657869
C,2.129546951129492,2.718281828459045,10.786774733998747
B,1.3051112591306886,4.34652435780093,15.245920343882394
A,3.8644825394109845,15.483659040519361,15.918817896039878
B,2.7083970474943255,10.561986501312791,13.185864613957582
A,3.229074523659589,3.768246826047113,15.564999090856837
C,0.42957995289209694,2.718281828459045,9.605387647435803
A,3.7867090843954196,3.6395671473941045,14.100375413070203
C,-0.5039265732469778,2.718281828459045,10.163204584043525
B,0.9830040591293072,6.082289820527113,13.394432748707082
C,2.315926903544982,2.718281828459045,8.54284197399977
A,5.378215772153824,7.130362190974649,13.531660991141852
A,2.5762673912300316,3.077184237456045,10.834726927403324
B,1.635316989915164,3.2027924163714796,11.977131672418103
C,0.7853784138818541,2.718281828459045,7.419617532914385
A,2.7971299864437933,4.937810780142575,13.020127694268307
B,1.67877577121383,3.3644896141672374,15.241197558438024
B,1.9125247644335095,3.644562579982368,13.839467392479865
C,0.29154992810703195,2.718281828459045,8.466779358834277
C,1.809422791380773,2.718281828459045,9.629397342174308
A,1.3686095932281332,6.522562585218718,14.815851643852763
C,2.1137461279568015,2.718281828459045,7.045551548832403
C,0.4689112974163614,2.718281828459045,8.048062487088327
A,2.067822140031879,16.12582667773924,13.914494981582944
A,2.1326182501314617,3.9977634471031047,12.663486759424128
B,2.186266861602713,3.1049516990337027,10.438519833332254
C,-0.0722006285198018,2.718281828459045,9.281866696942977
A,3.778413352334576,11.939236881272729,12.631070867762986
C,1.3348310871758537,2.718281828459045,8.781087229063546
B,1.9618519741027254,3.9728199333479437,12.198332211134968
C,0.0679469761784639,2.718281828459045,9.322369114046179
A,4.147499034808106,2.9736694790142275,17.41532829505319
A,2.458413953097248,5.95036245546498,15.162534474170887
A,3.0928506630194734,10.643074749811444,14.381861185828093
B,1.6560145935229038,3.2350582949657025,16.029878823028817
A,2.1483241228513856,6.150536023373978,16.104880883598536
C,0.27551122649066984,2.718281828459045,7.948817965556927
C,3.398367333100167,2.718281828459045,14.329998078864534
B,3.5742755298196416,7.032495478834829,11.407381089515415
A,2.5593069215678304,7.097799437113279,17.729275433576184
B,2.9185328543121742,4.440252590565009,7.2072394235653965
C,1.7713821474207956,2.718281828459045,10.450203009443815
A,3.3815757267589115,14.231596851114087,14.993518361707654
C,2.419269030192861,2.718281828459045,5.177384281885772
A,3.479329019859577,20.045824678862864,8.896301558945868
B,2.7957831916349543,5.981493288526484,12.261909800849995
A,3.4765617353958627,7.750914739498559,15.749243306437162
C,-0.1674363252123261,2.718281828459045,8.448138337839417
B,1.2289874114599666,4.189133788651099,8.123514705369768
B,2.323795063344348,3.1848864549862284,7.901868510654179
B,1.5228768148234169,5.351573653502633,14.53512923846847
B,2.163105744399853,5.525780385937032,9.981200878334402
B,2.112710332555585,2.9390005717544656,12.138187065500105
A,4.085892166510309,11.916788329844795,14.05733135114735
B,1.8515221941429574,6.4478557125174065,9.904644481131525
B,2.047298818295946,3.5204790198772553,8.074878711404955
C,2.1029571499650004,2.718281828459045,8.799208050557583
B,1.8460511171510658,2.8100032045673666,13.059230973035618
A,3.349433969958136,18.84713328440413,14.077004793551513
B,1.1777449871858436,3.056218442590325,12.361418605219448
A,3.99119803569823,4.224802458621696,13.176694190809481
B,-0.34831071966962934,2.8502423866296986,15.008375876002734
B,2.5442505844626657,2.9318880460115584,9.238038464819507
A,2.6577573089814246,6.053335213691353,13.072934868947364
A,1.8517603789301345,4.788219257777584,15.567218941579654
B,3.623203736382421,7.255359081923474,12.82856878161065
C,-0.14312382374574018,2.718281828459045,11.611146171821995
A,4.776724826915251,5.058426734499553,12.899923052452444
C,-0.05792383413232738,2.718281828459045,9.776757252655432
A,2.9689521187960386,6.555588425163495,17.657010911106422
B,-0.3882263541727746,2.7987485357171886,12.321483532293213
A,3.0490160793512384,15.219892535880753,15.730603094603278
B,2.2175631458528224,3.075204394973661,9.79807161975845
B,3.4128481416092926,5.561020562857089,12.961427960059265
A,2.770305132634239,13.083189947333873,14.522381957651426
C,0.10859464132486574,2.718281828459045,9.715062245089776
C,0.13443851486896186,2.718281828459045,9.770271356424935
B,-0.10928616202280739,2.718281828459045,9.411356446603818
B,1.2887710211923578,5.247407055556506,11.407131827529977
A,2.0989564069066984,12.848699089949074,17.34468108836743
B,2.0803406024762987,5.511157484616676,8.484320989275247
C,1.1554038496504653,2.718281828459045,8.890622423420245
C,1.6567326795420865,2.718281828459045,10.951631491146074
A,2.6359851823523837,8.597190906290932,14.256551900009626
A,1.201567228223048,17.024707116248113,16.812147088522288
A,3.9395539996588758,3.724120125822855,18.83158304432014
B,2.29995566015506,5.04219299987956,15.30684494979263
C,1.964730900422444,2.718281828459045,9.24332764179234
C,-1.0899434914274697,2.718281828459045,8.267601882435965
B,1.5420378503142058,3.8914984982968077,12.711409369995973
B,0.3940971068445749,4.526135469672749,8.316958955476203
C,1.030980227491646,2.718281828459045,8.470734941453117
C,2.201402957785975,2.718281828459045,10.874726592174483
A,2.828416203949092,12.40437996102577,16.346777109118843
C,-0.8924573347910794,2.718281828459045,8.024457201011266
A,2.1447352915578692,2.9941569148920935,11.581225210093976
B,1.6964944136218798,3.4464414125530665,15.547470369964312
A,3.357581800719448,7.2187220853419,14.192378011822719
A,1.6797138528164839,10.159923785827885,16.488889225321653
C,2.449686051080759,2.718281828459045,10.361810111397132
A,2.5406941317538716,6.4626715485617785,13.554633797045257
A,3.076216975038262,10.776145903589452,11.848548460055671
C,1.243870399625574,2.718281828459045,8.072794785105721
A,5.97251539254443,2.7349775456862444,14.282930167213792
A,3.4160316468631633,17.62863361505963,17.41761413766713
A,4.024531441299402,3.315121270381831,13.538884813652972
B,3.5101448053625672,3.2126907528099093,10.703087006070154
A,1.7541577989274868,6.644061654035835,14.40515303748927
A,1.1075373513528741,11.646263485410403,13.084893084925891
C,-0.6414023871026349,2.718281828459045,4.503782286925913
B,0.2760981342805999,5.938698269514673,12.859114242315805
B,1.922210151798019,6.561953693858577,13.867076156273129
C,1.3882424540610736,2.718281828459045,9.504622123562218
C,0.7753926708993192,2.718281828459045,8.471560198040157
A,2.6016084166769033,7.654167289332557,16.601363303507235
B,-0.45511835899982,2.718281828459045,10.883324825653641
A,3.7573549127704897,12.368616335627067,15.343984994965549
A,3.0358285871955104,15.526185005365102,14.840600157841852
A,3.7143391285416287,8.008922450639261,11.05159045185248
B,2.692082772584323,7.127336930286627,9.117111268260091
A,1.6695701642888083,19.49093629415183,17.911639498524565
A,2.4177086157149397,12.240694210006977,14.67867115440605
B,1.3145026196672813,5.787949937157748,12.098526451929697
A,1.1738865368602478,19.492400997090705,14.318459676839659
C,0.22796831584601362,2.718281828459045,8.287689541294139
B,3.356264251293563,3.8205083946163985,14.790451675226914
B,2.4531378984289214,7.0166519137984515,11.4803850725955
B,1.3462587069657301,3.011424810731751,14.203972563349106
A,3.235309603588229,4.282696517810559,16.914526811951234
A,1.6951539797328872,9.092843027389236,13.427884351068194
A,0.8378598233893657,2.718281828459045,6.605817242332927
C,1.862231743592715,2.718281828459045,8.968641313212327
C,1.4770808518761722,2.718281828459045,9.530260206794217
C,0.7760262390825826,2.718281828459045,9.103903999103233
A,3.875678456710335,19.12524829571714,14.504164470845176
B,2.842039273958392,3.4655922273887265,9.992562282822785
B,2.1900516026130714,3.454727004537597,11.68581462025618
A,1.7389393360626093,3.2946605605424493,17.60301248077723
B,2.2274183594373147,2.848339673869979,15.73775695191632
C,2.372888143145733,2.718281828459045,9.800743518646247
C,1.2634900741638369,2.718281828459045,6.369344017719686
B,2.74460778213047,6.827657416287418,12.846865812696464
A,3.076035466085379,5.774479227365317,17.10692888686415
A,-0.6925512219740342,10.822196612069806,16.032061043692423
B,2.525833442011941,3.4468774901386245,8.641800492066217
B,1.6683850560353877,7.0787700269323155,10.652035392388205
A,3.167903135440888,19.433006152912263,10.670823129619505
B,2.846660563600988,6.296343618561283,14.083725895127415
C,1.5131005605376697,2.718281828459045,4.082548176854313
B,1.5141086779512416,4.525402746101453,12.841238586065344
C,0.5766366839245077,2.718281828459045,7.640386761524974
A,4.734507784274671,7.733042758018716,13.634137446775629
B,0.4556884355406621,3.318324449373216,12.244030637546562
A,1.409314529510437,3.627223026928216,12.78459761858608
C,-0.19485152049075727,2.718281828459045,5.355678925123042
C,1.3903243326575492,6.985075773939858,14.419329104139242
C,-0.08868074592781294,2.718281828459045,5.134340907452781
B,2.768270450184593,4.537014280294125,10.256856550424729
A,3.721905063867509,5.588349811687808,17.39435223809663
B,1.3963615031881416,4.0166652306810695,11.949293964374709
C,-0.5043667866285744,2.718281828459045,10.61609383494079
A,1.833668828460767,6.808626429702914,16.033342251270632
B,1.3385299769042827,3.1916893845822516,8.605373986718728
C,0.32812682746023825,2.718281828459045,13.314680420758657
A,3.0447775629654976,15.141810283761359,15.085623657058797
B,1.8794667120184818,4.944874096051663,10.701952696537449
C,1.6357584129230296,2.718281828459045,7.681260741409112
A,4.074969861652285,10.32392804751623,14.416815945689606
A,5.356058145547596,6.335031711752332,15.338558866842567
B,3.6508339542751944,5.825485638847836,13.07135643085945
C,0.9173497506441479,2.718281828459045,6.930983113793295
C,-0.42632857885808906,2.718281828459045,12.37914837165514
B,1.6803286944430056,4.535511152667522,13.893309348171936
B,2.723693984232213,4.435119029921783,13.515399228542629
C,0.9536866818686461,2.718281828459045,7.797507030281493
C,1.0756202046488434,2.718281828459045,6.929013978291776
B,0.6834523366838241,4.45554392671242,12.32981768463073
A,3.557271050987307,3.4494497876080787,15.86430782563101
C,0.824093024858238,2.718281828459045,9.054626973751823
B,0.49986977018232404,3.888396092871911,13.061853279762898
C,0.8047193612374459,2.718281828459045,10.306041025879104
C,0.5353641780297553,2.718281828459045,8.260888805238093
C,-0.0980238872158039,2.718281828459045,9.108033805573424
C,2.2388154140956344,2.718281828459045,8.601757964835818
C,0.7800725411469488,2.718281828459045,5.1191095713119275
A,2.833297666019129,14.55133945043681,15.735091435279573
B,2.4490995146326453,2.820485729272612,14.217025788324651
C,-0.4178929622208598,2.718281828459045,7.26426795281444
B,2.4711003642215426,4.402554790213365,11.454098802564216
C,1.0208153855454354,2.718281828459045,10.472082168795005
A,3.4060527269089502,6.018163713969578,11.879871211265165
C,2.5541616984563573,2.718281828459045,7.682078838158016
C,-0.35579157689464136,2.718281828459045,8.615546299419181
C,0.1043335526605067,2.718281828459045,7.350036963855279
B,0.5736904293554659,6.4754512308509655,14.504048824888693
A,2.7320259591117395,18.407158441425548,16.206680212722613
C,1.707890367186827,2.718281828459045,11.602591548387068
C,2.250402319091589,2.718281828459045,9.794578931204999
A,2.3875949820111666,2.895042820807334,15.674730127653948
A,3.4513663077769188,7.349075431761333,16.445473463424378
C,1.9437888650514408,2.718281828459045,9.850108934842766
B,1.283453252095041,3.0475158283103077,14.892713154188565
B,1.1263783346839173,3.4784385564574616,8.11829564923089
B,1.670031943550209,7.351738012602768,9.327773520595219
C,1.3069189138545132,2.718281828459045,8.36490771371859
C,-0.409947648585133,2.718281828459045,8.418180917935075
B,1.8389763468445053,6.223134187791393,12.871381967602925
C,1.7970716293420135,2.718281828459045,12.161731552526222
B,1.6834560257415374,3.137948171884959,13.055055204814195
A,4.163826661871723,12.80114539511588,17.90336214595494
A,3.786269856365338,18.06360280619234,14.364736301251249
A,2.4625961751388874,5.362080966516094,14.721348960348305
C,-0.3180181873615471,2.718281828459045,6.144376875080405
B,1.0724076073330304,4.859915364163019,8.600997937119946
B,2.1727922013780816,6.5335153799512025,10.477070222274252
B,3.8120146866529563,7.178362570067424,12.319426768000195
B,1.0560410869838583,5.161707504483217,11.42239225594923
A,2.6165486843370704,3.3382002483389397,14.315807925311699
B,2.609198510384266,3.7437128429038937,10.98715900673377
B,2.5159301383908392,4.039097474446579,15.891711414737713
B,2.639383839109496,3.506024718537791,14.249426132944414
A,3.5661617626771434,9.777705859434512,12.205074772629153
C,1.998640802056531,2.718281828459045,8.803604195357055
C,1.7806926477231622,2.718281828459045,9.24194429202648
B,1.931671183352062,7.169437150379719,10.483300237308232
C,1.3972545739200872,2.718281828459045,8.365370292277555
B,2.1730260748853474,5.5135156958202876,10.648521755105284
B,1.8344476098229414,5.50332850827037,11.143318811265372
B,3.1979430675834593,2.8198876554386665,6.816054862515214
C,0.7890847156354378,2.718281828459045,4.719706643743822
C,0.3024163958220051,2.718281828459045,8.372922970910022
A,2.5160513689132076,15.69867837831754,17.640669124402724
C,1.702890935746561,2.718281828459045,9.25775980851872
A,3.2944992954304073,10.423612331404701,16.702351825564143
C,0.8680940521441667,2.718281828459045,4.250429537296538
B,1.5521643859915806,14.697523791214898,16.401800158907573
C,-0.6292706733642146,2.718281828459045,8.119956993355778
C,1.9222347311139272,2.718281828459045,12.875860617141882
B,0.9907233524108527,3.7817462746434853,11.338812854643908
C,1.2699663148184512,2.718281828459045,7.850854167941895
C,1.4149664470337673,3.4864946644483,17.277653645894116
B,2.2241939896424574,3.9339692980857497,11.390732680586256
A,1.844879136244498,17.059675500210755,16.88993046100953
C,1.7343407956990842,2.718281828459045,9.955647859135174
B,1.8559892748087403,3.5691381783463165,13.175230363544824
A,3.8101963942276185,2.9811726894894446,13.631426293438755
B,2.2992387515967696,5.542313665048098,12.511222045203182
A,3.302330109380356,4.862806301982654,14.923105504214266
C,-0.47926157620233445,2.718281828459045,7.408078151723094
A,1.7240218194577617,3.2739481859032042,17.313929180536718
C,1.2891874739851792,2.718281828459045,8.150056828100452
B,1.03989837666201,3.6377540507062927,11.878416136195082
B,3.5957675806304605,5.577002930415883,12.73337836034374
B,2.3980600739450453,3.0838865310059855,9.886087802319633
A,3.8172874846148157,14.042887947699432,16.968540746176988
C,1.911518681276471,2.718281828459045,9.133499439641604
B,1.515676811029407,3.663632019912051,11.082500594258287
B,1.6005415044348437,4.683568711209666,12.9148464974527
A,3.524046803452027,5.926585868666704,12.775049007424041
C,1.1392799489693088,2.718281828459045,6.9158092132979325
B,1.878913410408877,4.534921667117622,13.622320214897472
B,0.9078928212002877,3.9180126852808157,10.017127159595532
C,2.3217787863401824,5.188455375818129,16.781489831746498
C,0.8782193401071295,2.718281828459045,10.996080671692347
A,2.103164808687826,4.490342997421522,15.473866346811
A,3.145541660880934,8.636816457891017,15.80058242422807
B,1.4071270109982645,3.0484684598419483,11.89495120254404
B,0.6792091117645327,7.129403870129431,14.593908824436625
C,3.4294467445881,7.7542786249970135,17.28286345507701
B,4.251763767524814,3.147727299919282,13.917942569649824
B,3.300225243313688,3.231381710162859,12.834831709502307
A,2.125277308127896,3.2322272580184666,16.39650965334944
C,1.9548184514049038,2.718281828459045,9.418123298588736
B,2.6484373306683304,3.819214742139431,12.969012682260724
B,1.1580734369422756,6.660411080491206,11.396402971683877
A,3.9938527160578787,7.304284532413715,14.202401234159087
B,2.478402108338931,4.909984734078855,10.277251379468806
C,-0.17708056043836962,2.718281828459045,11.349454393734927
C,1.2144604259334786,2.718281828459045,8.25928446296817
B,1.883285146378327,6.162222977266131,11.838389669877767
B,1.6346639158482907,5.294339085537031,13.886527767292867
B,1.5459257369660273,6.369450198273186,15.577739661912926
A,1.683084600941076,6.116514482197123,12.706405972964575
B,2.8053946437850086,3.840685176274282,12.412993239415032
A,2.330029141850477,11.913456693683068,19.46974199570849
C,-0.29181590869954577,2.718281828459045,9.641382399904009
C,-0.6885553493046053,2.718281828459045,5.7333037936714
A,2.045715548557049,5.801572109227213,16.044584078171408
C,1.7988234114206776,6.60425391151357,16.18199330053816
A,4.338995578038433,3.4345639333970546,15.49331070540111
C,-0.20702177857063342,2.718281828459045,11.81701452200737
C,2.225883977751607,2.718281828459045,4.849584646940755
A,2.4095463914979365,3.1311169015118274,16.808177719622755
B,3.012579654381721,4.921924936355917,9.44740921843578
A,1.4968951465152294,15.113134558902084,17.36545566071085
C,-0.011180926358278942,2.718281828459045,9.072474687316161
B,2.9540900100169143,5.905426069218856,11.810771602516544
C,0.4495669033442351,2.718281828459045,8.656063192917603
A,2.887809952525471,4.286337687529111,13.298201079218078
A,3.102316403986894,17.532577852241634,18.80930772654893
C,0.9349668758779254,2.718281828459045,10.295706004110345
B,2.4968053960973724,6.2847941007191315,12.233133324481491
C,3.6693943436193353,2.718281828459045,12.671085480653304
C,2.402942970622452,2.718281828459045,12.68288273800846
A,3.399796498324431,7.888159001316836,15.176552151946165
A,2.7381723350892577,4.1009942797559455,11.523252223851475
C,0.5343808371352743,2.718281828459045,6.740112766720526
B,1.7652978701442361,5.720701053960848,10.13936347698369
A,1.254108663135499,12.0659363423752,13.17959649876115
B,0.6281004168004136,3.0691974948638117,11.73242738412214
B,0.4996243706640058,6.850641669391727,15.095724784989946
A,3.294084094604877,10.953376767994625,17.474861166785544
B,3.0162377918058825,2.856349564416011,13.022190935978465
C,1.5259712902030116,2.718281828459045,7.9743324148739365
C,2.605037163699641,2.718281828459045,7.315097616945804
A,3.3515360522555198,7.2302163855853765,14.296024175278303
C,1.50314654691825,2.718281828459045,10.246470606947916
B,1.4424877092269157,3.69101235842688,14.658766275000307
B,2.7558149163604924,4.8081535478895425,11.850001198610453
C,0.16132589484375226,2.718281828459045,10.127771508924823
B,3.3337311909425926,3.278864796069356,11.709357848377248
C,0.3641436357048422,2.718281828459045,10.033064926547304
C,0.8985883950587527,2.718281828459045,10.426182528991081
B,2.298657309975367,6.016373679303881,14.369828656587524
C,1.684655723848534,2.718281828459045,5.627233814738161
C,0.5655243628604443,2.718281828459045,6.953824686095606
C,0.6917292168200407,2.718281828459045,11.185648464775774
B,3.536041283051179,3.0848439987065883,13.164997975754986
B,0.7937367412578005,6.963343690607957,10.879906445056818
A,2.806000922205467,5.492186122770084,15.151982021912872
C,2.4254540364019213,2.718281828459045,5.221411909065765
B,1.0248478884798815,5.156301667113674,11.236899715735225
C,-0.9272879605335393,2.718281828459045,8.69596438799077
C,1.9829914692417538,2.718281828459045,6.050391117244512
A,2.45919505156045,2.8325040030959596,13.713681100379542
B,3.7162844517788547,7.286059164695733,9.79601535457521
B,3.0661933293458308,7.117938591636769,12.83905299378657
A,3.809263682097002,16.81625706203327,17.20523296600474
A,1.6602424601100023,3.276864187217032,15.031771572501277
C,-0.1353692594495517,2.718281828459045,6.941324858528885
C,0.4695370406265308,2.718281828459045,6.42513881125556
C,1.3737839759915067,2.718281828459045,8.5207995364242
B,2.4383776672516295,2.7307125633040092,10.517842708254651
C,0.7301909328181913,2.718281828459045,9.17606075718115
A,3.6485935779863965,3.501485419566473,14.766468810417479
A,3.139633602206961,3.462746969429645,16.415995683113984
C,2.7019360932236247,2.718281828459045,5.555377592268982
B,2.093969263905015,3.6121343571607305,11.987756165552664
C,3.652849623015402,2.718281828459045,7.5726498697993625
C,1.631935867267785,2.718281828459045,8.44664361264649
C,1.7680293706430232,2.718281828459045,7.584152141949993
B,0.8677554979464284,5.169803133443378,11.009193100126875
A,1.7259495638012232,2.8888739705778588,14.279038718380976
C,1.9410293376070218,2.718281828459045,9.77311540205041
B,3.133735570290796,3.451442691694873,14.001534827441251
C,-0.7179391950797966,2.718281828459045,5.585901406935742
A,3.0242975417710145,2.9818532750980316,16.724391084113854
C,0.8164159200631261,2.718281828459045,5.143874348324856
A,3.3094085653549072,18.87919820097915,14.818553806033975
C,2.0857338365493074,3.6953978675069745,12.875023136419655
B,2.601173717611376,3.745772317457951,12.362211669496673
A,2.144719895117015,4.847100911346571,13.705647518644376
A,2.3501288576726678,12.427033090918108,14.408587330118978
B,0.49496338087341396,2.9912804630799776,12.885865248437433
C,1.6016844545498166,2.718281828459045,9.249574876873865
B,0.1890886977447288,7.079614514226125,9.58012767672384
A,2.327382233468392,13.70712321870707,14.41408553159105
C,0.9419143037548777,2.718281828459045,10.385609305080191
C,-0.27944120910219916,2.718281828459045,7.136297423339349
B,2.303237542947878,3.0394298593515,12.208609064253492
B,2.2809918445652513,5.898260624032337,11.743881293333123
A,2.3788495441378483,17.478951203248453,15.113783858069661
A,1.5792336152761683,13.744653428505869,17.673433535127202
C,1.160982691580425,2.718281828459045,6.082393581581638
B,4.276416887137692,3.7937122003367176,12.17230725012408
A,0.7877257439793856,2.718281828459045,7.318484347706315
B,1.5637453000797563,7.034127341691292,12.94169185311096
A,3.857373565682663,2.718281828459045,9.160296380325008
A,1.623169369849202,18.75338717992752,15.808721622766486
B,0.15354413759427787,3.200259429190828,10.256862293427904
C,2.391581715570334,2.718281828459045,7.6770081642860415
B,1.483817517049054,2.798557470001542,15.42759152022861
B,4.019058815008979,4.16691087094023,8.378254638500096
A,3.0238571170771666,11.164117008993959,17.5990062575178
A,4.409019014807232,11.386995414095907,18.43522570635135
C,1.642230995349194,2.718281828459045,6.697854328659179
C,2.3346263032804755,5.7453468587083725,10.788916484840414
A,6.07093730952446,13.182217885704818,16.656465997487267
A,0.9203617619636217,7.908039311841485,16.134102896980696
A,3.4829476348094657,17.72845778510652,17.98630401311231
A,0.6801210117267281,2.718281828459045,9.471142216256874
C,0.3424793735670132,2.718281828459045,9.082160467201101
C,0.4571232718619679,2.718281828459045,7.908660180474382
A,1.9138580257768623,3.4568547849122755,13.666565876059483
A,4.060563793101135,4.201715275147462,13.359500480022852
B,2.5228560456808236,3.129955200673376,13.42523462061769
C,1.638057421772773,2.718281828459045,11.127051015762214
C,-0.6645037204908986,2.718281828459045,7.307312618545095
A,1.6772237952606064,10.791659632017968,15.301642004910356
A,1.5232546325266951,16.760766332106705,15.148652233894659
B,1.8209709817445507,6.02255836683812,15.441025222338943
A,0.3886566471983426,11.756005884103265,14.8665849501908
B,2.3612216384198432,3.348871235658358,14.314258931041344
B,0.6882449588379305,3.136580508529029,13.44510589540384
C,2.634524014851949,2.718281828459045,10.49529113444775
A,2.3873385901302178,9.716413905230079,14.931650924186968
C,0.4057650942302451,2.718281828459045,7.874931478266749
C,1.0615159380175134,2.718281828459045,5.52673578762152
A,3.639990885847045,11.06851754435946,17.063665614756147
C,0.1910097058766982,2.718281828459045,8.813248777772392
B,2.1694035428555947,5.4427231708878265,11.808320685820291
B,2.3811570595923723,2.9263428919935053,14.928200223261221
B,2.072672877175502,2.9712568458108684,8.659079177793767
C,3.3321281167765497,2.718281828459045,6.908847073197018
C,-0.8381003338342508,2.718281828459045,9.846077607583425
B,2.4976724912180397,4.638167183161239,15.212575929628876
C,1.9407677861222499,2.718281828459045,3.5565164024851166
C,0.1677736173319765,2.718281828459045,9.008074056502332
A,1.3506147178905186,5.96161452118037,16.102163455786002
A,0.6724212930331319,16.780904522689514,13.811556504961755
B,1.8169192378296914,3.931893096382359,11.056735457609273
A,5.585287390859225,3.8675435827845686,14.786477039402783
C,1.7516995002920717,2.718281828459045,9.392197162413268
A,3.1174578401933024,9.42830330267515,17.12043169397047
C,1.9295306550945655,2.718281828459045,7.521351099466942
C,-0.5662478206031833,2.718281828459045,7.760739604223522
C,0.9446137867541741,2.718281828459045,5.018292876713904
C,2.284205284722101,2.718281828459045,8.259587666750305
A,1.0498653693156546,5.616406988961553,13.979729637932985
C,2.5236935367902165,2.718281828459045,6.401245545837821
A,2.9797625339547444,5.042921216573801,15.15783226854122
C,1.7298254261493478,2.718281828459045,10.89262298585664
B,3.5225274969682747,7.136697652963844,12.6154010822423
C,2.9717722991398197,2.718281828459045,6.709455479324818
A,3.4234761262707467,3.709451466383756,16.928061382003335
A,1.7008176143013587,7.090312021876794,10.500671545589702
C,1.5814637655136896,2.718281828459045,10.920038607649388
C,2.7862190146710635,2.718281828459045,6.785637831605227
C,0.814708449244145,2.718281828459045,11.696789605297138
B,2.936216985772064,2.718281828459045,9.236494391071357
C,2.975286827228118,2.718281828459045,7.994867942931391
B,1.1440596103007508,2.8784198367132245,15.553984960187613
C,3.4208433305673815,2.718281828459045,8.544034168152027
B,0.3773257766710334,3.543645801068846,11.550024963376723
C,0.013334441997899238,2.718281828459045,10.046224167510516
B,1.3128782236562815,5.358881064233584,9.627916249458254
A,1.2157761707608494,13.681919620432437,15.474028876270522
C,1.468392055428913,2.718281828459045,7.685336931995498
A,4.035031516494838,4.283087969522639,15.538198696253218
A,3.5822471053044485,19.308841650294454,17.006520702440447
A,3.585003500005441,7.455650596517697,16.70096202742866
A,4.3754158290547105,8.104665872395639,14.930291082089017
B,3.3187544533053512,6.655369125853925,16.024249751458207
C,0.8921573741822122,2.718281828459045,9.043594336674815
B,3.0692981850469483,4.896956726466066,10.052125691989934
B,1.4373711633822632,3.1848035838432858,12.404222906554189
A,2.412580490671518,7.566563092832834,19.20901743108749
B,1.290293062427247,2.718281828459045,9.870737853337292
B,1.2673739202630836,3.608315967918512,14.038276754471031
C,0.520552047155392,2.718281828459045,9.774645956512515
B,3.293714510332034,5.096114832014449,10.503112854303538
B,1.1013894823082158,4.629252697205813,12.239228168265932
B,0.7056661211863466,6.615380567401763,12.239681804510699
C,-0.7472343342555194,2.718281828459045,7.883467625978946
A,2.191587298558174,10.194601182892415,13.381480647459046
B,1.7130816398261852,3.315761206187845,12.938013108246334
C,0.5178545278870343,2.718281828459045,3.8471167496009446
C,-0.7595503752754496,2.718281828459045,6.36959802148535
C,2.0498758249305444,2.718281828459045,4.43707306329203
A,3.6482065814307774,6.764034291485801,15.802371048903606
B,1.1893190390457722,2.718281828459045,7.744338376456474
A,3.8866248385770907,9.916661550196816,14.78101590822396
C,2.579350175886513,2.718281828459045,10.926387024455764
B,3.2848632882005253,5.536129445730881,12.273678164302146
C,1.8641557381839362,9.433403042552543,12.835763926362027
B,1.802465738208464,3.7111202210556278,12.01245135678366
C,1.0051357007601414,2.718281828459045,8.564114279436055
C,1.9506548951730371,2.718281828459045,7.491453708395754
A,-0.0574277845786626,2.718281828459045,8.997026926501784
B,1.949513386716206,5.611874140633589,14.805448111397004
C,1.1946788260013639,2.718281828459045,10.257172934262972
A,3.998811398391294,7.177275758146107,15.201242166505867
C,1.8383990577791525,2.718281828459045,10.630139714294131
C,0.7374239594649925,2.718281828459045,8.894261416245481
A,2.709797440466219,5.849666998445661,14.850509463741243
C,2.0033677016460745,2.718281828459045,10.767286584498025
B,0.6275111605158392,2.718281828459045,8.485979626455219
B,2.6356203766435713,6.818343858091966,12.528318124166034
C,2.178970606888292,2.718281828459045,10.631460794454103
C,0.8536149370592917,2.718281828459045,6.414753091855103
B,1.6137187837247635,5.720921453245808,13.203227694316046
C,0.6130065560003962,2.718281828459045,7.066013609463271
B,3.3782459539934946,3.381794159331993,15.307159463183824
C,1.073461772033044,2.718281828459045,7.544785383771139
A,4.230759835451092,11.318622423927502,17.490342489935266
C,0.6648247332068895,2.718281828459045,9.780790444990856
A,3.214987302474466,4.848868723188547,16.715960757201323
B,2.226885213310089,6.079064288180249,8.701245664192154
A,4.090999453544738,2.912665669575577,16.49306087782575
A,1.7555792366431082,3.957435111931039,14.615084390628464
A,3.73253685422907,6.6109987732672115,15.571106378678008
B,1.3016671149797134,6.19754936050678,11.288292093604852
C,-0.45262690297718455,2.718281828459045,6.4772352019490445
B,1.2237605562560279,5.778752912622598,12.61350300939931
B,3.8377103986259065,5.162474019778744,14.563501743720837
B,3.014242372589538,4.231375290687506,14.250732627542503
B,0.7311742338764624,2.8815096003790077,11.302861579570667
B,3.784413066425341,3.3134753855393293,9.762905910931714
C,1.9613942508894433,2.718281828459045,9.006583931273415
A,2.1516044353579487,11.828979554339984,19.3328552744326
C,1.6952591430740567,2.718281828459045,6.9235563417497525
C,1.820210295114235,2.718281828459045,9.053984330300377
C,0.545865164603786,2.718281828459045,11.639227946336614
C,1.13941834128285,2.718281828459045,8.721716612232049
A,4.807491254436627,3.690769551216785,15.519478384391192
B,3.5566182875064847,2.7909519071996836,11.409164510067892
A,2.5224996723821547,4.285830951575738,15.068539178165203
C,2.201605942456018,2.718281828459045,11.386586022623476
B,1.0393937763336267,5.422297215183712,12.702711490080617
B,3.144923444193328,6.159261499188368,12.44725510024933
A,1.7793074074014072,8.69941459853327,17.536438526715628
A,2.8454858532833223,4.294459686236715,12.732761286854032
B,2.5222125667487467,5.181802149282168,12.322575255195034
A,2.865758635650844,9.872955170736349,12.965335991680721
A,3.260444415658317,9.265819975385304,18.793619154177705
B,1.291016473932635,2.952653562617006,17.39001615746741
A,2.9481075236983405,5.952575255850719,16.707448042164724
C,1.7059364145314442,2.718281828459045,7.8534079747506045
B,-0.30946948550049447,5.304281328441396,14.180337726028121
C,1.7388626754573262,2.718281828459045,8.36047035557282
C,1.0491666825745762,2.718281828459045,10.83022703731698
A,3.5383768355684935,7.5517615566672704,14.37939602708677
B,1.4076631176597587,4.6874331415064425,12.928204638254666
C,-0.3088905360881746,2.718281828459045,9.82446591774356
C,0.10967429247349292,2.718281828459045,8.855126014495195
A,3.5675947906284944,10.130513529919664,15.894772312108316
C,1.7700311400780153,2.718281828459045,8.096326246414131
A,4.104200271958977,3.2058082983374354,14.436224980739183
C,1.1461796226206444,2.718281828459045,4.450288911243266
A,2.1196531855101384,6.781912837854528,21.314914777504743
B,2.2105132098030196,3.221153497249589,12.440202211871135
B,0.508505073880335,4.494487942400797,11.67671751662143
A,2.222037120117225,4.3952357571521095,16.717781392303873
B,0.41070470282297733,6.015893066906387,9.445266771925514
B,2.307028676910795,5.008854221546574,12.926408867365293
C,0.5108583996667915,2.718281828459045,4.153361568060866
C,-0.3288216714183576,2.718281828459045,7.340281433707284
B,0.6929778806607623,3.8923759049538935,9.600188986966648
B,0.48469954574510354,2.971069734901241,12.234434543665433
C,-0.4507102061293651,2.718281828459045,7.629204111416054
C,2.280869634662321,2.718281828459045,5.581700211419733
C,0.6921263432343434,2.718281828459045,10.584344774305473
C,2.581926092732602,2.718281828459045,5.743937995665412
B,2.4359939359123404,4.034869798414917,8.113870689837013
C,0.826577056258868,2.718281828459045,6.627567561618825
B,2.5726679954557996,7.1965221334595215,8.908589108220703
B,2.447098045292511,4.5795245848498976,11.984819834011919
A,4.439207560974641,12.618653215291978,18.797934236918444
B,1.6538757280204477,5.646121889210614,10.929690579754936
A,3.093984756298205,11.828535207476412,15.86207301942595
A,3.7626959864954395,6.569991451275048,11.782523687751643
B,1.071667038598235,6.510202352831933,16.059646900497917
A,5.131396781110077,11.640800338360162,15.23922605033857
C,2.3783082391342507,2.718281828459045,4.798327059979616
A,2.513020532009569,7.613909926748201,14.577216858277712
B,3.6504568867950478,5.81306233991678,12.4942437441128
C,1.2493646461405916,2.718281828459045,9.021707392654005
B,2.277751960678871,2.7759045059221568,11.08688389320601
A,1.7894817137628654,15.958528391972003,12.31291262585247
C,2.795186282821349,9.346640174640438,16.377656036648215
C,0.8574600941343711,2.718281828459045,6.0865449767016475
C,1.2248950977583517,2.718281828459045,6.64424555446281
A,3.1235665838974613,5.45058679067091,16.49398339148187
B,3.116445078528998,4.852238167649346,10.651019915865517
A,3.251042664642582,18.53944040039345,14.863559773287749
C,-1.0001161427927814,2.718281828459045,10.161816029007298
A,4.034169490732749,5.230857929826599,16.977340133303983
A,3.0772543645774713,2.7916085438183815,17.36216412965246
B,1.0343011457952525,6.281226529065578,15.272433050405619
C,-0.1833173272173927,2.718281828459045,9.798848683318795
A,2.826027447158049,14.001099357626838,17.648349056260713
A,4.478260952666323,8.443518579802939,16.225690063743752
B,1.7744786023427708,4.344131235852373,15.896998456222306
B,1.5671290198001537,3.0193298054020823,12.747823594290736
B,1.126161358375025,4.4734302903292145,13.608666084177356
B,1.1865951202086666,5.72195796494552,11.250399214279259
B,3.427381739442258,3.771291248261725,10.631628435082368
B,1.8796529269180535,3.2050265331289,11.528339094902334
A,1.9906695438586126,10.605727463733114,16.590961034133073
C,1.7841481639966918,2.718281828459045,11.662234161773664
B,2.043948096138831,5.050578915994609,14.419637427769517
A,3.4289774625077896,2.825209549051006,18.884980624524925
C,0.566188058612992,2.718281828459045,8.348948106320735
C,0.5467442241600489,2.718281828459045,6.623233045622266
A,1.826669187494009,16.224792516567312,12.85924755462888
A,2.535806955549978,11.47028268117363,13.14184332561382
B,1.4786290446546841,4.288281201427182,9.266018214607584
C,1.1819271928238628,2.718281828459045,7.701407838224835
A,1.9685446251238954,4.523995021461368,12.44028462610551
A,2.061966859502321,9.74210302352179,20.055656884377036
A,2.687704046091972,9.433291890981483,14.651870797985751
B,0.7135808273576001,4.563226101553152,12.654236507281507
C,0.7900538422325507,2.718281828459045,8.19245412012326
B,1.9088486537153917,6.032988534597569,13.244974389286504
C,0.4908844643067597,2.718281828459045,9.383774244082407
A,1.175281684089761,5.872437439624255,15.841660931819366
B,-0.6316297973338996,3.7441561804769052,7.101540880229258
C,2.289800710834583,2.718281828459045,7.054108154076328
A,2.556772179906921,15.771488817337518,13.799083154277335
C,3.6685933635216403,3.9011300873519446,14.10768420925161
C,1.35050280476199,2.718281828459045,9.584702426276278
A,5.755115207445513,6.149244081492802,12.384403756185325
C,2.7857051891867775,5.007094912884741,16.27695781255355
B,2.078477555798953,7.29267563755047,10.911447984088378
C,3.0519210389656237,16.29950197384161,14.460166325800957
B,1.6211760783030027,5.801620683251279,12.905716788312061
A,2.057748711963318,10.567709678537156,14.468290028115018
C,0.8643160512565754,2.718281828459045,8.08899739763204
B,4.09570918076915,10.82123091394822,16.528487217381226
B,2.0979524873631403,3.493774980847552,12.491119635959734
B,1.575017930188392,3.075117308786057,13.337520882550386
C,1.3521587780191278,2.718281828459045,5.868066243136457
C,-0.7653482224837693,2.718281828459045,11.326245903166932
C,0.32223080993989583,2.718281828459045,8.317519643427529
B,3.452195820860635,3.8002765904901814,9.474825324677619
B,0.9785850536449587,2.822848282016504,14.043636209951682
A,2.7921808093115335,11.65974155302381,19.604251389773953
C,0.24051245244893316,2.718281828459045,8.586995171781632
B,2.6809451442561687,4.7282727107435,12.380347102840695
B,1.6053150568466583,6.1071714729643505,9.072383777620798
A,4.406559430714915,9.636550196091628,17.141938952554124
A,3.515564938516727,8.320971164131084,16.184439545802686
A,3.1247519554040046,3.2444763788661093,17.88497569265565
A,2.5599829305908917,4.1496758909502125,17.332049886263245
A,3.5208187712178596,16.274660295422084,13.14403494683933
C,2.0691168293032534,2.718281828459045,9.100640492662485
C,1.3901806182615393,2.718281828459045,8.776642268184379
B,2.8513097526569977,13.03375933183578,19.650049644683328
A,2.3116293050158228,15.809333908085328,15.344105199776894
C,2.123010043562304,6.487380474104922,13.214614134246414
A,2.250115190053825,6.5100965956698,16.553662658470557
A,4.430645638129722,5.168061581751113,17.44135258758211
A,3.9862878262453254,13.187247074980611,17.59226292967105
C,0.35888405644952415,2.718281828459045,9.675475984502459
A,3.2188630139518044,7.290397327446167,14.56421057462551
C,0.9033374906898035,2.718281828459045,7.998674164166848
B,1.6917813257348406,3.365256889176769,12.406738412757987
A,4.248525344172143,11.369448060898756,17.45412695928439
A,2.7487537015111023,13.075503511700653,12.3323765690632
B,1.5948155247727007,6.85502466538564,14.254566543337383
B,2.768449411679228,3.0529356810500285,9.549479325670955
C,0.6448492343597539,2.718281828459045,11.62357816940411
C,1.1384369444827944,2.718281828459045,10.311432814237918
B,1.7866973519349236,5.6106709421597944,13.172741984411376
B,2.198312983268874,4.757463727982438,12.49627571167955
B,2.8134005444075463,5.301634213970329,10.584331443061863
B,0.0725616864888643,2.718281828459045,4.439107004254009
B,1.827967338976753,7.308065945540255,11.658472653195748
A,2.8343871237444924,3.0964937196347293,12.541720829603555
B,0.7487381224412073,7.224395271836254,10.836898746092377
B,1.9443570622427238,5.763483993645598,13.300586321966449
A,4.656848893662927,3.06388844402402,16.125940635530533
A,1.8506512851556802,12.767353056475045,12.61880988139665
C,0.14910123847767343,2.718281828459045,8.133711172990427
C,1.6225689952327698,2.718281828459045,9.394233779585228
B,1.0762125144384171,2.9924529227917627,12.803910474993337
C,-0.6493261907153074,2.718281828459045,8.880158288279283
A,3.4597799078840823,15.809752467908321,16.008985335756478
A,2.438990853270991,7.33255705782881,11.799746279255778
C,3.6330699304889498,2.718281828459045,11.656699900998252
C,1.3138454947088474,2.718281828459045,9.228858599527985
C,2.0641736500793195,6.200887849451936,13.206829871632534
B,-0.3179688460718242,6.292257657262262,8.54388945725608
C,0.6044441564448221,2.718281828459045,11.71917611367407
A,3.1636324372077964,11.576765681569102,17.608416163750924
B,2.577101635720595,4.932215871841757,13.519334739306991
A,2.7848533964015765,9.090654156295848,12.945393278844378
C,2.319500754830596,2.718281828459045,9.908056822581893
A,3.9619741273968874,15.325923993251836,15.081937457418874
B,0.9980723575873702,4.917795228568621,9.8333525318438
C,1.0053651759154212,2.718281828459045,9.793217526347998
B,0.6279444558144331,5.279219578916627,10.715231029584627
A,3.2401113808040565,7.347832982401181,20.25884459402755
A,3.194109835652808,15.530482238939973,19.742622157604693
A,3.0247924054695194,4.407362604284843,16.18313954871661
C,-1.452431587978479,2.718281828459045,7.680969945212818
C,0.01194870642932222,2.718281828459045,9.785582101721687
A,2.2728271645938936,4.047957474999236,16.465495519331355
C,2.2415773756569024,2.718281828459045,5.858017491425827
B,1.8093830247430263,5.984478771420999,15.258937829585557
A,3.872650831740248,8.764393415313156,15.835150469509811
B,1.2688963111642435,5.254276923825587,14.55974476037817
A,3.3511316651379843,15.00700166065597,15.986503501967556
C,0.2545294042499161,2.718281828459045,9.168846536300157
A,1.3970854973225322,6.650587817664679,16.700349814620658
A,1.8814325427363063,4.6596212982791645,19.223188723327127
A,3.386381458428641,6.93757575929377,17.104474959179576
A,0.5577560363049822,2.718281828459045,10.344100914385404
B,2.530654586343595,4.037283572550244,12.249101207468655
B,1.6568112502206322,5.965065467367769,12.870807177071837
C,2.3787991157802577,2.718281828459045,7.2463820643805725
B,1.300359353957182,2.747178297099445,12.709857604187478
B,1.6506993167374637,4.809267740903133,13.735173264843018
A,1.9564286394701607,10.11283908301441,16.570053884917098
A,1.2230736197502465,3.5685388411256342,12.503982044414531
A,3.275513602932982,6.3311003807547825,12.533330011475849
B,1.3081707579361925,6.383606460310304,15.999278586070034
C,0.33537570546582063,2.718281828459045,6.885355279960702
C,0.4363816235382819,2.718281828459045,7.725205174022014
A,3.1212117129276415,8.636007165954211,17.85291615693841
B,2.2150700056460395,7.197776104603384,13.864179299047283
C,2.002296593728924,2.718281828459045,7.826493345804707
C,1.932083874161079,2.718281828459045,6.611313200875669
