id,credit_card_type,credit_card_number,date_of_birth
1,diners-club-enroute,201870574417146.0,25-Sep-1982
2,americanexpress,373751068048914.0,08-Jan-1946
3,jcb,3570296138617947.0,
4,mastercard,5318327333400599.0,
5,maestro,6.759826666213682e+17,20-Apr-1975
6,,201456415400887.0,24-Sep-1986
7,jcb,3579858614265912.0,
8,jcb,3584519543669607.0,01-Dec-1954
9,laser,6.771100041901598e+18,08-Dec-1982
10,diners-club-carte-blanche,30497672119098.0,08-Aug-1948
11,americanexpress,374499345221529.0,11-Mar-1975
12,jcb,3560263045072105.0,12-Jul-1986
13,bankcard,5602247080709247.0,19-Nov-1993
14,mastercard,5100143372892857.0,27-Apr-1969
15,jcb,3550760184737457.0,22-Nov-1958
16,,5602253377670506.0,
17,jcb,3555390669565572.0,
18,mastercard,5108752422619383.0,17-Mar-1986
19,diners-club-international,36284249330828.0,04-Dec-1991
20,jcb,3558652980093171.0,31-Mar-1995
21,jcb,3536147081905784.0,
22,china-unionpay,5610031676675164.0,24-Nov-1975
23,diners-club-carte-blanche,30459627139563.0,07-Dec-1937
24,switch,,22-Mar-1933
25,maestro,6.761462470666078e+18,03-Aug-1949
26,mastercard,5100178780377257.0,25-Dec-1990
27,instapayment,6379969195266057.0,15-Aug-1939
28,maestro,6759886532659614.0,25-Jan-1982
29,,5.602242471908872e+16,
30,visa-electron,4508102730764779.0,30-Sep-1969
31,china-unionpay,5610235121833951.0,19-Jul-1949
32,switch,4.936717735783859e+18,
33,maestro,6.763824501504379e+16,05-Apr-1988
34,jcb,,28-Dec-1954
35,jcb,,
36,china-unionpay,,25-May-1964
37,,,20-Aug-1978
38,jcb,3553678006620916.0,13-Nov-1943
39,jcb,3581358379223228.0,01-Aug-1959
40,visa,4041599404972386.0,05-Mar-2000
41,jcb,3543458589588944.0,
42,jcb,3567965529042171.0,03-May-2001
43,visa-electron,,14-May-1983
44,maestro,5.038075195829289e+17,01-Jun-1994
45,jcb,3552244131572745.0,07-Jan-1967
46,jcb,,12-Nov-1946
47,switch,,14-Aug-2000
48,jcb,3565364702680654.0,02-Jan-2003
49,jcb,3554080460811165.0,16-May-1983
50,jcb,,12-Aug-1975
51,visa-electron,4405673695621992.0,09-Jun-1993
52,laser,,23-Apr-1979
53,diners-club-international,36025012561382.0,
54,visa-electron,4405153883362212.0,18-Mar-1978
55,jcb,3571276654353365.0,01-Nov-1967
56,solo,6.334721880894183e+18,08-Nov-1997
57,diners-club-carte-blanche,30091164209473.0,
58,,5602232885905653.0,18-Feb-1942
59,jcb,3568097058080288.0,04-Nov-1944
60,mastercard,5267474065282687.0,18-Apr-1941
61,china-unionpay,5.602218094290738e+18,11-Apr-1994
62,visa,4017957624317321.0,
63,switch,6.759088498305878e+18,28-Mar-1975
64,jcb,3561422340535955.0,27-Mar-1996
65,jcb,3549774927531964.0,14-Apr-1953
66,maestro,6759992008775593.0,15-Sep-1933
67,americanexpress,,30-Apr-1984
68,americanexpress,347974523623476.0,08-Nov-1974
69,visa-electron,4508558393460452.0,
70,jcb,3551106052923234.0,24-Aug-1945
71,mastercard,5289248969695929.0,20-Sep-1944
72,,370911545531360.0,01-Sep-1932
73,jcb,3585369609167842.0,10-Nov-1937
74,china-unionpay,5.60221292890219e+17,24-Jun-1983
75,jcb,3579226540769698.0,03-Sep-1986
76,jcb,3556394896694824.0,18-Sep-1962
77,diners-club-international,36031764052935.0,28-Jan-1988
78,bankcard,5602229919622692.0,17-Oct-1987
79,,4913908126545153.0,
80,diners-club-enroute,201695413724091.0,06-Aug-2003
81,jcb,,09-Oct-1939
82,diners-club-carte-blanche,30422978927051.0,03-May-1955
83,jcb,3557726959173205.0,22-Dec-1973
84,americanexpress,344444073056215.0,26-Aug-1946
85,mastercard,5425073794515505.0,27-Jan-1973
86,visa,4041590391074.0,
87,jcb,3586644559782678.0,
88,americanexpress,374288327023692.0,04-Dec-1977
89,jcb,3548837246436495.0,02-May-1991
90,jcb,3564859561360257.0,04-Jan-1948
91,china-unionpay,5602244154262161.0,02-Aug-1995
92,mastercard,5100131093932482.0,31-Oct-2003
93,,6.706263756177307e+18,01-Dec-1999
94,americanexpress,,08-Jun-1946
95,jcb,3566432344202408.0,17-Feb-1934
96,jcb,3536378071340480.0,
97,diners-club-international,36733473529356.0,15-Sep-1971
98,,6.334137301679647e+17,01-Oct-1958
99,china-unionpay,5.602232295096589e+16,
100,maestro,6.761712254185788e+17,19-Jan-1999
101,visa-electron,4175001261166978.0,08-Oct-1981
102,china-unionpay,5.602248381715501e+18,07-Apr-1962
103,bankcard,5602248012467771.0,04-Sep-1997
104,diners-club-enroute,,13-May-1948
105,jcb,3560416228021006.0,07-Jun-1985
106,jcb,3572374910514216.0,14-Oct-1979
107,china-unionpay,5.602221805927989e+18,08-May-1960
108,americanexpress,,21-Aug-1988
109,china-unionpay,5602243223292019.0,15-Dec-2000
110,solo,6767904434923440.0,
111,diners-club-enroute,201897623961782.0,
112,bankcard,5610949662741841.0,27-Apr-1946
113,visa-electron,4405519099294144.0,04-Jun-1984
114,jcb,3534502879766412.0,13-May-1943
115,jcb,,14-Jan-1971
116,jcb,3580167736080689.0,12-Oct-1954
117,mastercard,5048374731488690.0,08-Nov-1988
118,,5.893667791349395e+17,
119,mastercard,5410638065669384.0,02-Nov-1939
120,jcb,3553426001124884.0,09-Aug-1980
121,mastercard,,21-Oct-2003
122,americanexpress,337941817158669.0,29-May-1994
123,mastercard,,23-Oct-1953
124,maestro,5.893011621262149e+17,16-Nov-1967
125,diners-club-carte-blanche,30194818576139.0,15-Apr-2004
126,jcb,3540476242335217.0,02-Mar-1979
127,diners-club-carte-blanche,30204972034351.0,05-Mar-1938
128,china-unionpay,,
129,,,22-Jun-1977
130,diners-club-enroute,,29-Jun-1950
131,switch,4.903648671917002e+18,15-Jun-1944
132,laser,6.304367872395456e+16,
133,laser,6.709010280266986e+17,17-Aug-1947
134,,3560423929952646.0,20-Sep-1945
135,jcb,3549728913222905.0,14-Jun-1999
136,bankcard,5602218341402963.0,30-Sep-1941
137,jcb,3557277553515979.0,07-Aug-1953
138,laser,,29-May-1937
139,jcb,3564990451889616.0,15-Jul-1970
140,diners-club-carte-blanche,30304422354829.0,22-Dec-1975
141,mastercard,5262809100200183.0,04-May-1997
142,mastercard,5010120293084334.0,22-Nov-1971
143,diners-club-carte-blanche,30441845804459.0,
144,maestro,5.893232547930054e+18,23-Mar-1990
145,instapayment,,04-Dec-1991
146,,5321447587310800.0,
147,diners-club-enroute,201610867036058.0,19-May-1937
148,visa,,12-May-1983
149,jcb,3552862236301338.0,28-Sep-1963
150,,3569933003728614.0,22-Jan-1953
151,jcb,3581077258485795.0,
152,mastercard,5048376958010859.0,25-Nov-1997
153,instapayment,6396620711086185.0,
154,maestro,5.8937109030724824e+16,05-May-1986
155,jcb,3551781601335922.0,
156,mastercard,5126849735128207.0,
157,jcb,3546193473711149.0,07-Nov-1972
158,jcb,3532984906387515.0,12-Mar-1950
159,jcb,3583220769797435.0,
160,laser,6.709659017083367e+18,20-Jun-1993
161,diners-club-carte-blanche,30401633158112.0,02-Sep-1988
162,jcb,3530327041162009.0,
163,diners-club-carte-blanche,30140457246526.0,17-Aug-1984
164,jcb,3572073969440782.0,06-Dec-1956
165,laser,6.709278570956896e+17,
166,switch,4903691448776589.0,17-Mar-1940
167,mastercard,5590845193790345.0,
168,jcb,3580137141798886.0,31-Jan-1994
169,jcb,3577392096217797.0,11-Jul-1962
170,jcb,3548041799011710.0,30-Apr-1985
171,diners-club-us-ca,5587954996266118.0,13-Oct-1957
172,jcb,3563588292737365.0,11-Sep-1962
173,maestro,5.0382649938493896e+16,27-Jan-1996
174,maestro,5.01867750222672e+18,
175,mastercard,5048377733977883.0,29-Mar-1998
176,jcb,3572139213947599.0,
177,mastercard,5100170382205473.0,27-May-1993
178,mastercard,,
179,jcb,,
180,jcb,3536550961309961.0,04-Apr-1933
181,jcb,3578530151529197.0,16-Mar-1961
182,maestro,5.018549146189832e+18,15-Jul-1972
183,jcb,3571488476722947.0,13-Nov-1950
184,switch,,23-Mar-2001
185,jcb,3541578417489957.0,14-Nov-1947
186,mastercard,,09-Mar-1936
187,visa-electron,4026651339095533.0,26-Oct-1936
188,bankcard,5610549877247996.0,21-Apr-1998
189,diners-club-international,36939929226790.0,
190,mastercard,,28-Apr-1984
191,,5602212394028692.0,15-Jun-1936
192,jcb,3582991178063038.0,28-Sep-1932
193,jcb,3540399602460070.0,15-Feb-1963
194,americanexpress,374288906814545.0,21-Jan-1993
195,mastercard,5002354505571081.0,01-Dec-1980
196,laser,6.304495512422358e+18,
197,bankcard,5602245851741811.0,07-Dec-1953
198,jcb,3542787101902329.0,15-Mar-1951
199,laser,6.771117016051481e+18,26-Jul-1941
200,diners-club-enroute,,24-Apr-1994
201,jcb,3580167008986506.0,04-Jan-1935
202,diners-club-enroute,201572966457355.0,24-Mar-1962
203,laser,6.706828835973987e+16,29-Oct-1969
204,,4175009967497977.0,17-Jun-1978
205,solo,6767881155995015.0,04-Dec-1968
206,,30579534222143.0,24-Oct-1954
207,instapayment,6383554931690689.0,
208,jcb,3535567637641859.0,15-Oct-1950
209,switch,5.641825429374259e+18,
210,jcb,3570879938181196.0,
211,jcb,3587996093238784.0,
212,jcb,3532062160888948.0,03-Jul-1967
213,jcb,3546807343194893.0,20-Mar-1938
214,china-unionpay,,
215,mastercard,5007660740367928.0,10-Aug-1979
216,mastercard,5100147086069470.0,16-Mar-1975
217,jcb,3543697990238900.0,19-Jun-1975
218,diners-club-enroute,201885046451093.0,
219,diners-club-carte-blanche,30261550671558.0,
220,americanexpress,374288238041791.0,27-May-1953
221,maestro,5.018029914540494e+18,31-Dec-2003
222,diners-club-carte-blanche,30140285728760.0,04-May-1998
223,,201675825401470.0,
224,visa-electron,4405695221168131.0,19-Jan-1938
225,bankcard,5602225002044406.0,
226,jcb,3542610817823300.0,26-Aug-1940
227,switch,5.641826643772582e+18,04-Aug-1943
228,jcb,3537011347653803.0,27-Nov-1935
229,china-unionpay,5.602257176142209e+18,
230,jcb,3589814082817567.0,
231,jcb,3556090711802689.0,30-Jul-1979
232,diners-club-enroute,201683779767052.0,30-Apr-1965
233,bankcard,,27-Apr-1965
234,jcb,3539222396473385.0,
235,diners-club-enroute,201675392385353.0,06-May-1970
236,switch,6333301897025844.0,28-Mar-1948
237,mastercard,,23-Nov-1938
238,maestro,6.761959806200339e+18,19-Jun-1941
239,china-unionpay,5.60223679879382e+16,
240,jcb,3552841376795574.0,06-Aug-1990
241,jcb,3572597894155446.0,26-Aug-1999
242,jcb,3531019992356982.0,27-Aug-1960
243,jcb,,25-Nov-1987
244,switch,6.333099994329831e+18,11-Aug-1999
245,jcb,3581221265759525.0,30-Jun-1969
246,instapayment,6373856105069471.0,01-Sep-1985
247,jcb,3571237026008269.0,22-Feb-1973
248,switch,6.331109994278185e+17,20-Mar-1954
249,jcb,,02-Apr-1952
250,americanexpress,371783135757641.0,04-Nov-1996
251,jcb,3534876552974406.0,11-Dec-1958
252,switch,4911520653519097.0,03-Aug-1964
253,mastercard,5143479502028833.0,22-Sep-1954
254,diners-club-carte-blanche,,13-Jul-1984
255,americanexpress,,27-Feb-1991
256,jcb,3533365375951925.0,28-May-1982
257,switch,,16-Jun-1935
258,jcb,,02-Apr-2003
259,jcb,3575463450261895.0,
260,,4405801823881499.0,08-Jul-1967
261,solo,,10-Sep-1956
262,jcb,3578860059481385.0,12-Sep-1963
263,diners-club-enroute,201833612055278.0,24-Nov-1970
264,bankcard,5602222978841519.0,
265,,3535728574759878.0,15-Nov-1998
266,jcb,3556169110566473.0,24-Jan-1977
267,jcb,3543830970166003.0,15-Jun-2004
268,jcb,3584305158452467.0,18-Jun-1950
269,americanexpress,374622937749074.0,
270,bankcard,5602222922912465.0,
271,diners-club-enroute,201812711086426.0,15-May-1982
272,visa,4017953170677.0,03-Aug-1955
273,jcb,3550446282518219.0,25-Aug-1989
274,mastercard,5213330478420139.0,15-Mar-1998
275,jcb,3576412159397053.0,14-Oct-1963
276,jcb,3547694688962947.0,09-Jul-1996
277,maestro,5038411650589231.0,07-May-1955
278,jcb,3583297276700086.0,21-Jul-2002
279,jcb,3537976197246934.0,28-Jul-1980
280,jcb,3579422097708714.0,12-May-1992
281,jcb,,25-Aug-1976
282,diners-club-enroute,,25-Dec-1942
283,,3565176238304835.0,10-Oct-1944
284,maestro,,02-Jul-1976
285,diners-club-carte-blanche,30281496869173.0,21-Jan-1956
286,mastercard,5048376144810022.0,04-Jun-1994
287,,6.763782637544895e+16,29-May-1953
288,mastercard,5100132720450948.0,
289,diners-club-enroute,201897816336776.0,29-May-1981
290,diners-club-carte-blanche,30056982430999.0,
291,,,20-Dec-1945
292,jcb,3585921282742257.0,
293,jcb,3552275610755146.0,18-Dec-1948
294,switch,4905953077201547.0,19-Aug-1994
295,jcb,3531870121996688.0,29-Dec-1933
296,visa-electron,4844516915409335.0,27-Jun-1963
297,mastercard,5100142141660777.0,29-Nov-1961
298,visa-electron,4508047547531541.0,27-May-1955
299,instapayment,6375038173679477.0,29-Jul-1937
300,laser,,26-Feb-1941
301,diners-club-enroute,201974816051505.0,17-May-1973
302,instapayment,6375047776797198.0,04-Mar-1958
303,americanexpress,374622276324109.0,16-Aug-1989
304,americanexpress,337941979277604.0,30-Dec-1996
305,jcb,3570540607616165.0,
306,visa,4017954269450582.0,09-Sep-1953
307,china-unionpay,5.602238255430209e+18,
308,,3566473204265937.0,25-Aug-1941
309,switch,5.641821329995889e+18,14-Jan-1972
310,switch,6.333779187029405e+17,
311,jcb,3536277356541020.0,10-Jun-1933
312,jcb,3548282691960188.0,
313,jcb,3577313920456161.0,15-Feb-1935
314,diners-club-enroute,,25-Jun-1981
315,bankcard,5602237905177217.0,03-Jun-1988
316,jcb,3533376168125049.0,25-Sep-1957
317,jcb,3545693552844126.0,09-Sep-1956
318,jcb,3581529884962985.0,18-Aug-1955
319,americanexpress,374622395709198.0,06-Aug-1956
320,jcb,3556510895258366.0,09-Apr-1968
321,mastercard,5108758555751208.0,06-Jun-1935
322,bankcard,5610760905537973.0,04-Nov-1940
323,jcb,3556850192133486.0,
324,jcb,3540621280499991.0,30-May-1954
325,jcb,3563529646373234.0,17-Feb-2005
326,diners-club-carte-blanche,30509161259522.0,02-Jan-1995
327,bankcard,5602246730368545.0,03-Aug-1933
328,jcb,3588997993082974.0,12-Oct-1983
329,bankcard,,27-Mar-1957
330,jcb,3554648363603960.0,11-Feb-1968
331,laser,6.304394240819871e+17,15-Jul-1998
332,jcb,3584068019534804.0,25-Sep-2002
333,jcb,3536539737129712.0,03-Sep-1939
334,jcb,3553003253158579.0,30-Nov-1999
335,jcb,3551771101710294.0,01-Jun-1965
336,jcb,3578003060843521.0,26-Feb-1975
337,americanexpress,374283284070604.0,17-Jul-1938
338,jcb,3565694997104139.0,18-Mar-1954
339,laser,6.709038859693638e+16,07-Aug-1932
340,jcb,,22-Dec-1965
341,visa-electron,4405585530961906.0,19-Nov-1991
342,visa,4384314166497928.0,08-Apr-1985
343,jcb,3559351694069150.0,01-Jan-1972
344,,3585322923088731.0,19-Feb-1935
345,,3568348014934799.0,30-Sep-2003
346,mastercard,5272624209261939.0,18-Jun-1959
347,laser,6.771832684114372e+17,
348,jcb,3530248771055843.0,13-Feb-1989
349,china-unionpay,5.610136259073238e+17,
350,jcb,3588483376723419.0,01-May-1990
351,switch,5641825677287439.0,13-Mar-1935
352,visa,4041379474653.0,
353,laser,6771077446984462.0,23-Dec-1991
354,diners-club-enroute,201486553532183.0,26-Nov-1977
355,laser,6.706756794726527e+16,04-Feb-1986
356,mastercard,5588711972480140.0,
357,jcb,3573137266845321.0,15-Jan-1998
358,jcb,3550960677543137.0,06-Mar-1935
359,americanexpress,379130339341735.0,17-Jul-1989
360,jcb,3529995051975313.0,12-Apr-2000
361,instapayment,6380944148236942.0,30-Jan-1962
362,mastercard,,26-Feb-2004
363,switch,6331107502293467.0,
364,switch,4.936889351298599e+18,16-Feb-1962
365,solo,6.767553025553573e+18,25-Oct-1938
366,bankcard,5602228466250444.0,15-Mar-1965
367,americanexpress,374288778547249.0,
368,visa-electron,,24-Aug-1936
369,visa,4017955966363267.0,07-Jan-1964
370,jcb,,23-Jan-1943
371,jcb,,25-Oct-1941
372,jcb,3538389930216942.0,26-Jan-1947
373,bankcard,5602224046672827.0,25-Jun-1933
374,jcb,3537546497853828.0,
375,jcb,3528714242328634.0,04-Apr-1964
376,,201539988251827.0,25-Oct-1972
377,laser,6.7714213331501144e+16,
378,mastercard,5524581279282011.0,16-Mar-1980
379,jcb,3541516818171477.0,
380,jcb,3553393173719729.0,21-Jul-1966
381,visa-electron,4026764522822983.0,
382,bankcard,5602236633452793.0,07-Apr-1942
383,mastercard,5592527235781163.0,12-Oct-1981
384,instapayment,6373085126650263.0,
385,americanexpress,,06-Jul-2001
386,jcb,3544743489267064.0,14-Jul-2005
387,instapayment,6393577561915579.0,11-Mar-1937
388,jcb,3587975114754490.0,
389,visa,,02-Jun-1983
390,,5129440804763103.0,
391,jcb,3563203772872944.0,01-Nov-2003
392,diners-club-carte-blanche,30443034075131.0,
393,jcb,3577075963767990.0,
394,jcb,3564124220871933.0,15-Apr-1950
395,switch,5.641825018155809e+18,12-Sep-1973
396,visa-electron,4913009096926026.0,27-Dec-1956
397,jcb,3546938517781288.0,25-Jul-1993
398,jcb,,20-Sep-2005
399,mastercard,5048379674282232.0,01-Mar-1940
400,americanexpress,,09-Feb-1978
401,visa-electron,4508063941277243.0,
402,visa,4041598215515.0,
403,switch,6759813406145322.0,18-Oct-1951
404,,3588739072939017.0,05-Dec-1937
405,visa-electron,4844319281696209.0,24-Sep-1985
406,visa-electron,4917877175296453.0,07-May-1963
407,jcb,,30-Mar-1953
408,bankcard,5610910667546106.0,
409,instapayment,6371393881778374.0,
410,jcb,3549511518609852.0,17-Jan-1953
411,switch,,28-Aug-2005
412,maestro,6.045097582238385e+17,05-Apr-1989
413,switch,6333127521134094.0,13-Feb-1990
414,jcb,3563772791022335.0,05-Mar-1971
415,laser,6706817378211115.0,08-Nov-1998
416,switch,6331100859591955.0,17-May-2004
417,china-unionpay,5602243119244082.0,27-Sep-1963
418,diners-club-carte-blanche,30376720424991.0,17-Mar-1995
419,jcb,3539926175043082.0,02-Mar-1950
420,jcb,3581619274536364.0,17-Aug-1964
421,jcb,3575249319047413.0,
422,jcb,3568100818725364.0,22-Apr-1986
423,jcb,3580405667115482.0,16-Sep-1958
424,jcb,,07-Aug-1997
425,switch,6331109427439886.0,28-Sep-1967
426,visa-electron,4026406536793566.0,
427,switch,6.759723548214962e+17,24-Oct-1971
428,jcb,3548395282403465.0,
429,bankcard,,01-Feb-1981
430,instapayment,6380435304185908.0,08-Jan-1983
431,visa-electron,4026834105158475.0,22-Apr-1948
432,bankcard,5602243785536803.0,23-Aug-1987
433,switch,5641821785445159.0,03-May-1975
434,jcb,3572738874916155.0,28-Feb-1971
435,,6370346552855468.0,18-Dec-1936
436,mastercard,5002352902904756.0,
437,bankcard,5602241531791086.0,15-Jun-1962
438,,201876976002279.0,
439,bankcard,,
440,instapayment,6373298002385306.0,06-Jun-1949
441,jcb,3552034796232218.0,19-Apr-1950
442,jcb,3541426694669299.0,27-Jun-1971
443,mastercard,5002352292265651.0,
444,jcb,3570579052915128.0,01-Aug-1984
445,maestro,6.762603736974496e+18,09-Sep-1942
446,diners-club-carte-blanche,,18-Mar-1933
447,mastercard,,23-Aug-2000
448,mastercard,5100136171525009.0,24-Oct-1939
449,jcb,3537115821584697.0,15-Jan-1991
450,visa,4041373137140.0,10-Aug-1961
451,mastercard,5100132168375607.0,06-Nov-1968
452,jcb,3538191820161000.0,26-Jun-1950
453,jcb,3531380738838331.0,08-May-1939
454,jcb,,15-Jan-2005
455,americanexpress,,16-Mar-1937
456,jcb,3540418083193750.0,
457,diners-club-enroute,201662145716373.0,29-Dec-1996
458,jcb,3558135950047500.0,01-Jul-1963
459,visa-electron,4026619333285053.0,21-Nov-1971
460,jcb,3542609804099874.0,15-Feb-2002
461,jcb,3531777970956657.0,21-Oct-1983
462,bankcard,5610778144790583.0,18-Feb-1938
463,,3573466511141347.0,22-Jun-1953
464,mastercard,5100142001938297.0,12-Jan-1978
465,jcb,3586610028293035.0,
466,visa-electron,4844347677364801.0,20-Aug-1956
467,americanexpress,,16-Oct-2002
468,jcb,3565648336252397.0,27-Mar-1988
469,visa-electron,4026935363421354.0,28-Mar-1955
470,diners-club-enroute,201451999589221.0,27-Oct-1955
471,mastercard,5536088558791783.0,10-Sep-1983
472,jcb,3546490712048782.0,22-Oct-1965
473,jcb,3533394202882673.0,
474,jcb,3562291651928094.0,17-Feb-1934
475,jcb,3558503569402988.0,19-Sep-1963
476,jcb,3546973775286878.0,19-Jul-1998
477,,4175005514278662.0,12-Oct-1986
478,jcb,3544830144445555.0,
479,switch,4.9055498387269754e+17,25-Mar-1970
480,bankcard,,25-Jul-1939
481,bankcard,5602224212638784.0,08-Jan-1956
482,visa-electron,4913832404218780.0,14-Oct-1983
483,laser,6706193786684743.0,07-May-1983
484,jcb,3534327272698693.0,
485,,3582754597190547.0,24-Jun-1989
486,jcb,,22-Jul-1944
487,maestro,,
488,mastercard,5100178770776005.0,07-Jan-1963
489,solo,6.334346728071136e+18,02-Oct-1952
490,mastercard,,30-Nov-1990
491,jcb,3538465961676640.0,25-Nov-2000
492,maestro,6.761139516235793e+18,09-Jul-1944
493,maestro,6.759476870457667e+18,01-Feb-1993
494,jcb,3578740107564913.0,20-Jun-1980
495,jcb,3567424781963211.0,31-Jan-1939
496,visa,4041592484915920.0,04-Aug-1934
497,diners-club-us-ca,5560012699843369.0,20-Feb-1970
498,jcb,3572623339424856.0,28-Apr-1977
499,instapayment,,24-Jul-2004
500,jcb,3559300782763489.0,05-Jul-1958
501,jcb,3529989399800788.0,28-Oct-1995
502,jcb,3537815865102690.0,
503,china-unionpay,5602225912677675.0,
504,jcb,3557851435378739.0,13-Apr-1977
505,,3574078915664243.0,
506,jcb,3529035671992032.0,13-Aug-1954
507,diners-club-enroute,201564701267694.0,
508,jcb,3571803401818356.0,05-Sep-2003
509,switch,,
510,visa-electron,4917173402983638.0,05-Sep-1935
511,jcb,3534368134943232.0,30-May-1991
512,china-unionpay,5.602254124200118e+16,11-Oct-1992
513,diners-club-enroute,201759379048836.0,22-Nov-1974
514,jcb,3561194120087883.0,01-Dec-2000
515,bankcard,5602247389194554.0,
516,jcb,,04-Jul-2005
517,diners-club-enroute,201457101609393.0,10-Mar-1957
518,jcb,3531674456129547.0,25-Dec-1983
519,maestro,5.0387121924701944e+16,
520,bankcard,,
521,jcb,3561366530284009.0,06-Aug-1987
522,diners-club-carte-blanche,30282495734756.0,11-Aug-1950
523,jcb,3571583219862487.0,18-Jan-2004
524,jcb,3572028614755745.0,01-Jan-1996
525,china-unionpay,5.602241609782303e+16,15-Apr-1934
526,maestro,6.304458729734995e+16,26-Jun-1976
527,,5.602223336764569e+17,31-Dec-1957
528,jcb,3551699758245704.0,31-Oct-1961
529,jcb,3553132850612017.0,22-Mar-1986
530,visa-electron,,05-Oct-1988
531,maestro,6.76264714833649e+18,23-Nov-1975
532,jcb,3548784103388767.0,31-Oct-1988
533,visa-electron,4917805715248668.0,29-May-1973
534,mastercard,5100143384797094.0,09-Oct-1977
535,visa-electron,4405591474949600.0,07-Sep-1933
536,jcb,3536972277046220.0,02-Sep-1947
537,,3545997356665136.0,
538,jcb,3563818333291688.0,13-Dec-1950
539,jcb,3531423277688863.0,28-Dec-1955
540,jcb,3550262484404474.0,29-Aug-1968
541,laser,6.706390439601716e+18,
542,jcb,3572837922318271.0,10-Oct-1985
543,jcb,3531129192073160.0,13-May-1983
544,jcb,3579625502317968.0,12-Jan-1945
545,jcb,3567064904321002.0,12-Mar-1978
546,jcb,3554088908067605.0,
547,diners-club-us-ca,5566031336581590.0,18-Jun-1970
548,jcb,,15-Apr-1991
549,jcb,3583794666084741.0,02-Jan-1934
550,mastercard,5110069829976175.0,17-Sep-1980
551,china-unionpay,5.602242197270899e+18,09-Apr-1952
552,americanexpress,375118788811658.0,01-Dec-1946
553,maestro,6.762480904589742e+18,25-Aug-1952
554,diners-club-carte-blanche,30513097930784.0,29-Jul-1981
555,jcb,3561714943411943.0,
556,jcb,3565228706524624.0,25-Jan-1962
557,visa,,13-Oct-1944
558,,4.936809374439006e+18,14-Aug-1936
559,bankcard,5610036060153405.0,24-Jan-1967
560,diners-club-us-ca,,09-Aug-1997
561,jcb,3556516109137791.0,09-Mar-1945
562,jcb,3589030111981312.0,
563,jcb,3542859047452592.0,31-Jul-1954
564,china-unionpay,5.602247292999913e+16,12-Mar-1934
565,bankcard,5610225952342362.0,
566,jcb,3553228699402006.0,
567,jcb,3541905998699243.0,20-Jan-1948
568,jcb,3566083887546154.0,07-Feb-1980
569,bankcard,,10-Dec-1965
570,diners-club-us-ca,5540674565621438.0,18-Dec-1970
571,mastercard,5249441698805773.0,17-Aug-1939
572,,4905833832987442.0,15-Feb-1980
573,jcb,3568135049611579.0,22-Jul-1966
574,jcb,3534580208874883.0,28-Nov-1984
575,diners-club-us-ca,5490669216368793.0,29-Apr-1954
576,mastercard,5537463474713287.0,20-Feb-1983
577,china-unionpay,5.602215927532785e+16,18-Apr-1963
578,solo,6334584863159510.0,26-Jun-1959
579,,4758150901683.0,11-Jun-1959
580,jcb,,04-Aug-1985
581,jcb,,21-Apr-1993
582,diners-club-enroute,201477737960523.0,24-Sep-1960
583,jcb,3579309551502339.0,11-Dec-1948
584,diners-club-carte-blanche,30231628770096.0,08-Feb-1978
585,jcb,3539717767863668.0,03-Jun-1974
586,jcb,3583377160505104.0,
587,,6333424947608474.0,11-Sep-1978
588,visa-electron,4913097265053946.0,
589,jcb,3578663856795928.0,07-Oct-1951
590,bankcard,5602245721791012.0,09-Jul-1977
591,americanexpress,,05-May-1978
592,jcb,3560920606646797.0,28-May-1948
593,bankcard,5602210718213610.0,05-Mar-1970
594,visa,4017955313741983.0,22-Mar-1996
595,jcb,3532255604834011.0,26-May-1991
596,visa-electron,4917233334369999.0,
597,maestro,,30-Dec-1992
598,jcb,3549901884833873.0,
599,visa-electron,4026878077648195.0,20-Jan-1952
600,jcb,3550612256166703.0,15-May-2000
601,mastercard,5100132604618412.0,
602,maestro,6761780370105317.0,09-Oct-1932
603,bankcard,5602242307193937.0,16-Mar-1983
604,jcb,3585600205001815.0,
605,diners-club-international,,09-Mar-2005
606,switch,6.759610642937821e+17,
607,bankcard,5602250304522057.0,15-Jan-1970
608,instapayment,6372963909272524.0,11-Aug-1960
609,,3538534090844278.0,24-Dec-1943
610,visa,,
611,diners-club-carte-blanche,30030165869950.0,07-Dec-1982
612,instapayment,6380175608181480.0,09-Jul-1971
613,jcb,,
614,jcb,3553430430019855.0,04-Nov-1978
615,jcb,3538648550159272.0,09-Mar-1946
616,visa-electron,4175007152003584.0,10-Dec-1944
617,mastercard,,23-Dec-1972
618,jcb,,10-Apr-1956
619,jcb,3581470587045077.0,02-Sep-1990
620,bankcard,5602256998512825.0,
621,diners-club-international,36437889936565.0,14-Jan-1966
622,,3538391511760942.0,08-May-1983
623,diners-club-enroute,201801726251406.0,23-Jun-1991
624,jcb,,
625,jcb,3547868342291030.0,08-May-1961
626,instapayment,6391581593047775.0,08-Oct-1946
627,diners-club-enroute,201646340847265.0,18-Jun-1998
628,jcb,3534232162772584.0,26-Sep-1938
629,visa-electron,4508412892814951.0,25-Sep-1934
630,switch,6.333965801101537e+18,11-Jul-1954
631,,3553112895903068.0,
632,mastercard,5170511049398315.0,22-May-1944
633,jcb,3564605330686583.0,09-Apr-1975
634,maestro,6.304605495966524e+17,01-Mar-1956
635,,4917948174449656.0,
636,jcb,,16-Mar-1959
637,solo,6.767602730199235e+18,23-May-1972
638,,3565818507102677.0,
639,jcb,3587391987570957.0,16-Nov-1943
640,visa-electron,,13-Jun-2001
641,maestro,,11-May-1944
642,visa-electron,4844265924579015.0,14-Apr-2001
643,visa-electron,4175001774060601.0,
644,jcb,3549198174188874.0,17-May-1986
645,visa-electron,4844337010170809.0,30-Apr-1934
646,visa-electron,4026889587529049.0,19-Feb-1988
647,laser,6.709080803633143e+16,05-Aug-1939
648,jcb,3588200514411487.0,14-Jul-1995
649,laser,6771501604500778.0,10-Aug-1994
650,jcb,,09-Jul-1938
651,switch,4911416033504711.0,29-Mar-1938
652,maestro,,10-Jul-1997
653,jcb,3583723737463592.0,
654,switch,6.759484404339555e+17,22-Oct-1962
655,mastercard,5170528467188358.0,24-Mar-1933
656,instapayment,,01-Dec-1938
657,jcb,3569222715423239.0,
658,laser,6.771718046224376e+18,28-Jan-1981
659,mastercard,5048376052248868.0,24-May-1949
660,jcb,,
661,americanexpress,,
662,visa,4017957413284286.0,16-Sep-1959
663,china-unionpay,5.602226773001585e+18,26-Sep-1952
664,jcb,,29-Jun-1951
665,visa-electron,,
666,diners-club-enroute,,14-Mar-1974
667,china-unionpay,5.602237850481966e+16,01-Jan-1945
668,jcb,,06-Sep-1969
669,visa-electron,,30-Aug-1981
670,switch,4.93657257731705e+18,30-May-1978
671,jcb,3562673093537726.0,17-Jul-1991
672,diners-club-enroute,,
673,visa-electron,4508883548675766.0,
674,jcb,3565370203733900.0,29-Jun-1991
675,,4.936222590784714e+17,
676,maestro,6.042630752002436e+17,17-May-1974
677,jcb,3543535824542842.0,03-Mar-1974
678,,5565744129175039.0,28-Nov-1934
679,jcb,3571071181945407.0,
680,diners-club-enroute,201814025992018.0,14-Mar-1981
681,jcb,,02-Sep-1967
682,jcb,,13-Oct-2003
683,laser,6304811406742676.0,08-Apr-1975
684,diners-club-enroute,201784103291569.0,17-Feb-1962
685,jcb,3536384321928140.0,
686,jcb,3583527325811587.0,11-Nov-1933
687,maestro,6761452968298827.0,23-Apr-1985
688,jcb,3530757645776814.0,
689,jcb,3541730341748020.0,31-Aug-1936
690,jcb,3529071027062840.0,03-Nov-1950
691,mastercard,5002352795262288.0,10-Jul-1943
692,china-unionpay,5.6022458096350264e+16,25-Dec-1989
693,jcb,3572710152245433.0,22-Nov-1974
694,mastercard,5048372037124472.0,15-Jun-1953
695,jcb,,22-Apr-1959
696,jcb,3535141867736563.0,31-Dec-1947
697,diners-club-us-ca,5585047842334743.0,13-Feb-1969
698,jcb,3587529112503654.0,
699,jcb,3566758717255478.0,11-Mar-1988
700,jcb,3576092292147498.0,24-Feb-1990
701,,3566429079894722.0,
702,instapayment,6371041845967803.0,17-Jul-1988
703,jcb,3537792668316803.0,
704,jcb,3530260465616657.0,15-Apr-1958
705,china-unionpay,5602253984191730.0,12-Nov-1989
706,switch,6759501606661251.0,23-Oct-1936
707,visa,4041595116989.0,12-Mar-1997
708,diners-club-enroute,201444879069190.0,04-Nov-1965
709,instapayment,6370761128589724.0,
710,visa-electron,4917260984263495.0,19-Apr-1985
711,bankcard,5602230783101326.0,
712,jcb,3587947058435402.0,07-Jan-1983
713,jcb,3580584789689952.0,06-May-2000
714,bankcard,5602228249473206.0,31-Jan-1962
715,visa,,30-Jun-1947
716,,3533439470442856.0,
717,jcb,3575458965145559.0,08-Jun-1956
718,diners-club-enroute,,26-Dec-1954
719,diners-club-carte-blanche,30543541357623.0,25-Aug-1978
720,jcb,,14-Jan-1961
721,visa,4041592966482175.0,
722,jcb,3561285519653234.0,09-May-1992
723,solo,6.334743833020641e+18,25-Jan-1943
724,visa-electron,4913847975274988.0,21-Mar-1958
725,jcb,3567379528155689.0,05-Aug-1966
726,maestro,6.761535542992829e+18,22-Jul-1998
727,switch,,
728,switch,4911429988315231.0,29-Sep-1981
729,,3556053452082721.0,23-Dec-1970
730,china-unionpay,,01-Mar-1990
731,visa,4826659080559690.0,
732,americanexpress,372301883637193.0,
733,jcb,3548070538121860.0,23-Sep-1955
734,americanexpress,337941668915043.0,30-Oct-1974
735,jcb,3578155072997578.0,
736,jcb,3534106724053925.0,01-Jun-1991
737,maestro,6.047515588806603e+16,29-Sep-1986
738,bankcard,5602230932781606.0,06-Dec-1944
739,jcb,3555496975589733.0,04-Aug-1963
740,switch,4905560523703040.0,28-Jun-1994
741,americanexpress,374398114114362.0,27-May-1993
742,mastercard,5002356376193408.0,13-Nov-2003
743,diners-club-carte-blanche,30022030644783.0,16-Apr-1932
744,instapayment,6391873224542450.0,29-Oct-1957
745,visa-electron,4844877614883620.0,
746,jcb,3586602530419893.0,09-Mar-2000
747,jcb,3559163530105340.0,17-Feb-1982
748,maestro,5.018039573599047e+17,22-Nov-1984
749,americanexpress,372301185191576.0,14-Sep-1970
750,visa-electron,4917427551660052.0,08-Jul-1965
751,,5018311619122468.0,27-Jan-1959
752,jcb,3579106532142106.0,15-Jun-1960
753,diners-club-carte-blanche,,15-Nov-1960
754,jcb,3577184598270519.0,20-Oct-1977
755,jcb,3545840701493996.0,16-Mar-1979
756,jcb,3565863119654517.0,
757,jcb,3557280247710022.0,11-Jun-1942
758,jcb,3564250397028153.0,
759,diners-club-carte-blanche,30477809861119.0,
760,bankcard,5602226268093921.0,24-Apr-1985
761,mastercard,5048378094279869.0,22-Oct-1972
762,diners-club-carte-blanche,30548982806137.0,06-Jun-1937
763,diners-club-carte-blanche,30134371370611.0,
764,americanexpress,379768260518738.0,13-Apr-1994
765,switch,4911414199742548.0,
766,mastercard,5108755019597565.0,21-Aug-1937
767,bankcard,5610064060176622.0,05-Sep-1993
768,mastercard,5100146973209561.0,
769,jcb,,11-Jul-1991
770,,3565150656636788.0,13-Jul-1949
771,jcb,3548860968871947.0,13-Apr-1999
772,jcb,,20-Jan-1941
773,americanexpress,374288766296577.0,
774,jcb,3536110352053726.0,22-Jul-1981
775,jcb,3575627865604218.0,10-Feb-1985
776,jcb,,23-Jan-2001
777,jcb,3546867493740499.0,14-Apr-1959
778,jcb,3579817478844832.0,21-Aug-1969
779,americanexpress,337941993576858.0,24-Aug-1974
780,jcb,3579681212303574.0,21-Oct-1940
781,jcb,3579836912845619.0,
782,mastercard,5538441335191017.0,01-Jun-1950
783,bankcard,5602230831805761.0,14-Sep-1979
784,switch,6.759459951426648e+17,
785,switch,4911456167008709.0,01-May-1957
786,jcb,3578325919718715.0,
787,jcb,3541402642862336.0,30-Jul-1932
788,americanexpress,349532594950745.0,04-Mar-1972
789,diners-club-carte-blanche,30140377902729.0,28-Oct-1939
790,jcb,3553140863807235.0,27-Jul-1971
791,jcb,3547742660513764.0,12-Jun-1939
792,jcb,,14-Oct-2003
793,instapayment,6377354795792210.0,23-Jul-1995
794,instapayment,6383253957332553.0,03-Jan-1961
795,diners-club-enroute,201662566840736.0,
796,americanexpress,345379698035393.0,14-Jul-1997
797,jcb,,11-Nov-1985
798,jcb,3560459693483137.0,12-Sep-1972
799,bankcard,5602217690855482.0,31-Dec-1984
800,jcb,,18-Nov-1968
801,jcb,3571707983443741.0,
802,china-unionpay,5.6108257025279686e+17,11-Apr-1989
803,diners-club-international,36842506284770.0,02-Mar-1985
804,jcb,3565393291898906.0,
805,jcb,3589354916245628.0,21-Nov-1980
806,mastercard,5100130489055262.0,19-Oct-1941
807,jcb,3574452106070546.0,04-May-1959
808,americanexpress,372803710149532.0,09-Feb-1974
809,instapayment,6395511149272847.0,03-Mar-1936
810,bankcard,5602230513577381.0,
811,laser,6709976257435158.0,12-Feb-1989
812,switch,6.331105841507116e+17,10-Dec-1973
813,jcb,3529065896490793.0,20-Jan-1935
814,jcb,3554594975273075.0,21-Jul-1974
815,laser,6.304215267677068e+18,17-Feb-1939
816,jcb,3572509700864061.0,03-Mar-1974
817,jcb,3533971347029664.0,23-Sep-1981
818,diners-club-carte-blanche,30431897408622.0,31-Jul-1945
819,china-unionpay,5602255031619936.0,24-Jul-1958
820,jcb,,27-Jan-2000
821,visa,4635302156129.0,07-Dec-1948
822,diners-club-carte-blanche,30217654137789.0,16-Jul-1988
823,maestro,5.020238515751917e+18,04-Feb-1993
824,maestro,6761714959190333.0,29-Mar-1966
825,solo,,
826,diners-club-us-ca,5518022288760851.0,12-Mar-1994
827,jcb,3547170509142290.0,16-Sep-1964
828,laser,6771869759630645.0,09-Feb-1980
829,americanexpress,378078463320713.0,29-Jan-1994
830,jcb,3545332285528116.0,01-Mar-1967
831,jcb,3571132075274906.0,02-Jul-1935
832,diners-club-international,36209892806964.0,05-Mar-1982
833,americanexpress,337941048852320.0,04-Feb-1936
834,jcb,,09-Nov-1945
835,maestro,5.038973260898184e+16,01-Jan-1981
836,jcb,3571818599120316.0,
837,jcb,3540866683603968.0,
838,diners-club-carte-blanche,30533905279844.0,
839,jcb,,03-Jan-2003
840,solo,6.767381566513172e+17,
841,jcb,3551604671854806.0,13-Feb-1978
842,jcb,,
843,jcb,,21-Apr-2005
844,mastercard,5108756912281968.0,24-Mar-1974
845,jcb,3577552078474530.0,27-Jan-1963
846,instapayment,6371914489571869.0,
847,diners-club-carte-blanche,30458705807091.0,12-Oct-1932
848,bankcard,5602259352868338.0,21-Nov-1938
849,switch,4.905260160383564e+18,
850,jcb,3573198348971923.0,
851,mastercard,5275495386882012.0,20-Mar-1998
852,jcb,3554611136513130.0,25-Aug-1987
853,jcb,3532671160890967.0,27-Dec-1989
854,mastercard,5100142674775513.0,21-Aug-2002
855,visa-electron,4913241468171101.0,
856,instapayment,6382723876677651.0,
857,jcb,,31-Oct-1958
858,jcb,3569659804527109.0,
859,switch,4.936367454783252e+18,19-Dec-1980
860,instapayment,6389673400729697.0,28-Mar-1940
861,switch,4.905406816757233e+17,30-Dec-1979
862,americanexpress,374283092630987.0,09-Jun-1972
863,switch,6.331101896613604e+17,
864,jcb,3539270353935086.0,
865,jcb,3566530794670220.0,21-Oct-1963
866,switch,4905455740366368.0,
867,switch,6759381103535518.0,01-Feb-1959
868,maestro,6.759976029598532e+17,
869,diners-club-enroute,201689862281083.0,
870,mastercard,5108755188434350.0,15-Apr-1973
871,china-unionpay,5.602243774634866e+18,20-Oct-1938
872,maestro,5.893996564388472e+16,11-Jan-1972
873,mastercard,5114789028836708.0,
874,jcb,3558733904193618.0,
875,,3559609614457049.0,02-Feb-2002
876,jcb,3577665410071515.0,13-Jan-1947
877,diners-club-enroute,201554960082488.0,
878,,3570930607628494.0,22-Aug-1990
879,laser,6.706041212696617e+17,01-Jul-1990
880,americanexpress,372301940045752.0,19-Jan-1977
881,visa-electron,4917524162093424.0,20-Feb-1972
882,china-unionpay,,06-Feb-2002
883,jcb,3564847857767608.0,19-Aug-1995
884,jcb,3530312077911370.0,09-Jan-1997
885,china-unionpay,5.602249300212631e+18,
886,china-unionpay,5602231411928528.0,17-Mar-1977
887,americanexpress,,01-Jul-1976
888,diners-club-enroute,201403400394113.0,17-May-1944
889,mastercard,5599547639168315.0,22-Mar-1932
890,jcb,3530819138655069.0,25-Mar-1988
891,mastercard,5010128427179565.0,
892,,3578591696222631.0,04-Jan-1951
893,jcb,3542191019157292.0,22-Jan-1953
894,maestro,,21-Jan-1964
895,jcb,3557684221358031.0,29-Mar-1948
896,americanexpress,374283708489208.0,04-Dec-1956
897,jcb,3562110435373189.0,11-May-1973
898,jcb,,31-Dec-1946
899,jcb,3581207345783155.0,18-Sep-1964
900,laser,6.706529438381473e+18,06-Apr-1995
901,jcb,3544099745958974.0,02-Jul-1973
902,switch,4.905409643020778e+17,05-Mar-1953
903,,5257659041490527.0,12-Aug-1983
904,visa-electron,4508713811778015.0,29-Apr-1974
905,china-unionpay,5.602212619032786e+16,19-Jun-1938
906,diners-club-enroute,201709076697112.0,02-Jan-2005
907,mastercard,5108757774771682.0,23-Jun-1989
908,diners-club-enroute,201668460864672.0,
909,jcb,3570042481581003.0,21-Oct-1965
910,jcb,3537099457096764.0,
911,china-unionpay,5610901276214368.0,16-Jul-1932
912,maestro,6304025840651845.0,
913,jcb,3552158357270893.0,
914,visa-electron,4508663825154960.0,02-Jun-1981
915,jcb,3534261562270642.0,20-Aug-2001
916,bankcard,5602252824692907.0,
917,bankcard,5602225464597354.0,09-Jul-1970
918,jcb,3559533167330637.0,15-Dec-1956
919,americanexpress,349479192445944.0,
920,jcb,3588015448798522.0,09-Sep-1977
921,jcb,,17-Oct-1938
922,,201435563404651.0,08-Jul-1934
923,instapayment,6382314049266422.0,05-Apr-1965
924,jcb,3549103689895773.0,10-Jul-1943
925,switch,6.331102786125732e+18,04-Feb-1939
926,diners-club-carte-blanche,30305968006574.0,15-May-1999
927,,6.709345998416782e+17,
928,mastercard,5048374244703627.0,01-Apr-1961
929,diners-club-enroute,201781855218105.0,01-Sep-1991
930,jcb,3549402273601401.0,21-Aug-1964
931,maestro,5.038780915585765e+16,05-Sep-1981
932,jcb,,05-Mar-1962
933,americanexpress,342682652462260.0,05-Sep-1952
934,jcb,3559076476519573.0,11-Aug-1993
935,china-unionpay,5602234366803621.0,05-Mar-1965
936,visa-electron,4175009784677991.0,08-Mar-1954
937,diners-club-enroute,201534749946559.0,13-Jun-1949
938,maestro,5.018473867726198e+16,20-May-1987
939,mastercard,5130474462939546.0,20-Mar-1987
940,jcb,,14-Sep-1947
941,diners-club-enroute,201619005037282.0,13-Apr-1942
942,visa-electron,4026189069136011.0,24-Aug-1982
943,jcb,3582103394776530.0,06-Feb-1955
944,maestro,,04-Mar-1963
945,jcb,3588325513735212.0,
946,bankcard,5602248608837858.0,20-Oct-1996
947,diners-club-us-ca,5418819934982909.0,31-Mar-1983
948,switch,4.9053706411102e+18,16-Oct-1947
949,diners-club-enroute,201596927471122.0,
950,,4175008216197875.0,07-Apr-1964
951,maestro,6304267883417797.0,05-Oct-1976
952,mastercard,5048374429946587.0,
953,,5.038518965061273e+16,07-Dec-1997
954,maestro,6.763062017103413e+16,26-Aug-2000
955,americanexpress,374622192634920.0,
956,bankcard,5602212051595967.0,13-Feb-1972
957,jcb,3541693286499340.0,
958,switch,4911590260075890.0,14-Apr-1952
959,switch,4.911559683806617e+18,25-Mar-1946
960,americanexpress,341931296744562.0,
961,visa-electron,4175008111849034.0,02-Jun-1991
962,jcb,3532144042543295.0,24-Oct-1954
963,maestro,6.759814123762049e+18,01-Apr-1988
964,diners-club-enroute,201905620987195.0,18-Sep-1978
965,jcb,3546339279892464.0,
966,jcb,3554727596080103.0,29-Mar-1987
967,maestro,5893400604634973.0,04-Feb-1933
968,mastercard,5493584958434355.0,21-May-2000
969,mastercard,,20-May-1939
970,jcb,3581869350282090.0,23-Dec-1935
971,jcb,3569681928471543.0,08-Mar-1960
972,bankcard,5610284478112353.0,16-Oct-1965
973,jcb,3587662079129682.0,29-Jun-1983
974,jcb,,12-Dec-1939
975,instapayment,6389051629906984.0,22-Dec-1955
976,mastercard,5007660820639147.0,
977,bankcard,,
978,solo,6.767680896158858e+17,21-Dec-1973
979,visa-electron,4026333990194588.0,08-Oct-1973
980,,3551214089675791.0,12-Dec-1949
981,jcb,3551218588618939.0,06-Sep-2001
982,jcb,3559650132225005.0,24-Jul-1949
983,maestro,,08-Nov-2005
984,diners-club-us-ca,,28-Dec-1936
985,maestro,5.02073585897802e+16,21-Oct-1936
986,bankcard,,01-Apr-1979
987,mastercard,5100137278005812.0,24-Aug-1957
988,china-unionpay,5.602242605210048e+16,
989,laser,6.706494760553578e+18,
990,laser,,03-May-1979
991,visa-electron,4913080552130163.0,25-Mar-1977
992,china-unionpay,5.610313747820555e+17,11-Jan-1983
993,mastercard,5383490580455870.0,14-Feb-1971
994,maestro,,04-May-2001
995,maestro,5.893801959382814e+16,12-Jan-1942
996,visa-electron,,16-Feb-1987
997,jcb,3570379803919754.0,12-Jan-1994
998,mastercard,5010121355886921.0,22-Jan-1961
999,visa-electron,,
1000,jcb,3549734988945875.0,20-Sep-2000
