Country_Region,Date,Doses_admin,People_partially_vaccinated,People_fully_vaccinated,Report_Date_String,UID,Province_State
Angola,2021-03-01,0,0.0,0.0,2021-03-01,24.0,
Angola,2021-03-02,0,0.0,0.0,2021-03-02,24.0,
Angola,2021-03-03,0,0.0,0.0,2021-03-03,24.0,
Angola,2021-03-04,0,0.0,0.0,2021-03-04,24.0,
Angola,2021-03-05,0,0.0,0.0,2021-03-05,24.0,
Angola,2021-03-06,0,0.0,0.0,2021-03-06,24.0,
Angola,2021-03-07,0,0.0,0.0,2021-03-07,24.0,
Angola,2021-03-08,6169,6169.0,0.0,2021-03-08,24.0,
Angola,2021-03-09,6169,6169.0,0.0,2021-03-09,24.0,
Angola,2021-03-10,6169,6169.0,0.0,2021-03-10,24.0,
Angola,2021-03-11,6169,6169.0,0.0,2021-03-11,24.0,
Angola,2021-03-12,6169,6169.0,0.0,2021-03-12,24.0,
Angola,2021-03-13,6169,6169.0,0.0,2021-03-13,24.0,
Angola,2021-03-14,6169,6169.0,0.0,2021-03-14,24.0,
Angola,2021-03-15,6169,6169.0,0.0,2021-03-15,24.0,
Angola,2021-03-16,6169,6169.0,0.0,2021-03-16,24.0,
Angola,2021-03-17,6169,6169.0,0.0,2021-03-17,24.0,
Angola,2021-03-18,49000,49000.0,0.0,2021-03-18,24.0,
Angola,2021-03-19,49000,49000.0,0.0,2021-03-19,24.0,
Angola,2021-03-20,49000,49000.0,0.0,2021-03-20,24.0,
Angola,2021-03-21,49000,49000.0,0.0,2021-03-21,24.0,
Angola,2021-03-22,49000,49000.0,0.0,2021-03-22,24.0,
Angola,2021-03-23,49000,49000.0,0.0,2021-03-23,24.0,
Angola,2021-03-24,87022,87022.0,0.0,2021-03-24,24.0,
Angola,2021-03-25,87022,87022.0,0.0,2021-03-25,24.0,
Angola,2021-03-26,87022,87022.0,0.0,2021-03-26,24.0,
Angola,2021-03-27,87022,87022.0,0.0,2021-03-27,24.0,
Angola,2021-03-28,87022,87022.0,0.0,2021-03-28,24.0,
Angola,2021-03-29,130750,130750.0,0.0,2021-03-29,24.0,
Angola,2021-03-30,130750,130750.0,0.0,2021-03-30,24.0,
Angola,2021-03-31,130750,130750.0,0.0,2021-03-31,24.0,
Angola,2021-04-01,130750,130750.0,0.0,2021-04-01,24.0,
Angola,2021-04-02,130750,130750.0,0.0,2021-04-02,24.0,
Angola,2021-04-03,130750,130750.0,0.0,2021-04-03,24.0,
Angola,2021-04-04,130750,130750.0,0.0,2021-04-04,24.0,
Angola,2021-04-05,130750,130750.0,0.0,2021-04-05,24.0,
Angola,2021-04-06,181578,181578.0,0.0,2021-04-06,24.0,
Angola,2021-04-07,181578,181578.0,0.0,2021-04-07,24.0,
Angola,2021-04-08,181578,181578.0,0.0,2021-04-08,24.0,
Angola,2021-04-09,181578,181578.0,0.0,2021-04-09,24.0,
Angola,2021-04-10,181578,181578.0,0.0,2021-04-10,24.0,
Angola,2021-04-11,245442,245442.0,0.0,2021-04-11,24.0,
Angola,2021-04-12,245442,245442.0,0.0,2021-04-12,24.0,
Angola,2021-04-13,245442,245442.0,0.0,2021-04-13,24.0,
Angola,2021-04-14,245442,245442.0,0.0,2021-04-14,24.0,
Angola,2021-04-15,245442,245442.0,0.0,2021-04-15,24.0,
Angola,2021-04-16,245442,245442.0,0.0,2021-04-16,24.0,
Angola,2021-04-17,245442,245442.0,0.0,2021-04-17,24.0,
Angola,2021-04-18,245442,245442.0,0.0,2021-04-18,24.0,
Angola,2021-04-19,395447,395447.0,0.0,2021-04-19,24.0,
Angola,2021-04-20,395447,395447.0,0.0,2021-04-20,24.0,
Angola,2021-04-21,395447,395447.0,0.0,2021-04-21,24.0,
Angola,2021-04-22,395447,395447.0,0.0,2021-04-22,24.0,
Angola,2021-04-23,456349,456349.0,0.0,2021-04-23,24.0,
Angola,2021-05-11,456349,456349.0,0.0,2021-05-12,24.0,
Angola,2021-05-12,626572,586377.0,40195.0,2021-05-13,24.0,
Angola,2021-05-13,626572,586377.0,40195.0,2021-05-14,24.0,
Angola,2021-05-14,626572,586377.0,40195.0,2021-05-15,24.0,
Angola,2021-05-15,626572,586377.0,40195.0,2021-05-16,24.0,
Angola,2021-05-16,626572,586377.0,40195.0,2021-05-17,24.0,
Angola,2021-05-17,626572,586377.0,40195.0,2021-05-18,24.0,
Angola,2021-05-18,681502,606287.0,75215.0,2021-05-19,24.0,
Angola,2021-05-19,681502,606287.0,75215.0,2021-05-20,24.0,
Angola,2021-05-20,681502,606287.0,75215.0,2021-05-21,24.0,
Angola,2021-05-21,757535,630984.0,126551.0,2021-05-22,24.0,
Angola,2021-05-22,757535,630984.0,126551.0,2021-05-23,24.0,
Angola,2021-05-23,757535,630984.0,126551.0,2021-05-24,24.0,
Angola,2021-05-24,757535,630984.0,126551.0,2021-05-25,24.0,
Angola,2021-05-25,757535,630984.0,126551.0,2021-05-26,24.0,
Angola,2021-05-26,859979,663049.0,196930.0,2021-05-27,24.0,
Angola,2021-05-27,859979,663049.0,196930.0,2021-05-28,24.0,
Angola,2021-05-28,859979,663049.0,196930.0,2021-05-29,24.0,
Angola,2021-05-29,859979,663049.0,196930.0,2021-05-30,24.0,
Angola,2021-05-30,859979,663049.0,196930.0,2021-05-31,24.0,
Angola,2021-05-31,909215,679034.0,230181.0,2021-06-01,24.0,
Venezuela,2021-02-17,0,0.0,0.0,2021-02-17,862.0,
Venezuela,2021-02-18,0,0.0,0.0,2021-02-18,862.0,
Venezuela,2021-02-19,0,0.0,0.0,2021-02-19,862.0,
Venezuela,2021-02-20,0,0.0,0.0,2021-02-20,862.0,
Venezuela,2021-02-21,0,0.0,0.0,2021-02-21,862.0,
Venezuela,2021-02-22,157,157.0,0.0,2021-02-22,862.0,
Venezuela,2021-02-23,157,157.0,0.0,2021-02-23,862.0,
Venezuela,2021-02-24,157,157.0,0.0,2021-02-24,862.0,
Venezuela,2021-02-25,157,157.0,0.0,2021-02-25,862.0,
Venezuela,2021-02-26,157,157.0,0.0,2021-02-26,862.0,
Venezuela,2021-02-27,157,157.0,0.0,2021-02-27,862.0,
Venezuela,2021-02-28,157,157.0,0.0,2021-02-28,862.0,
Venezuela,2021-03-01,157,157.0,0.0,2021-03-01,862.0,
Venezuela,2021-03-02,157,157.0,0.0,2021-03-02,862.0,
Venezuela,2021-03-03,157,157.0,0.0,2021-03-03,862.0,
Venezuela,2021-03-04,12194,12194.0,0.0,2021-03-04,862.0,
Venezuela,2021-03-05,12194,12194.0,0.0,2021-03-05,862.0,
Venezuela,2021-03-06,12194,12194.0,0.0,2021-03-06,862.0,
Venezuela,2021-03-07,12194,12194.0,0.0,2021-03-07,862.0,
Venezuela,2021-03-08,12194,12194.0,0.0,2021-03-08,862.0,
Venezuela,2021-03-09,12194,12194.0,0.0,2021-03-09,862.0,
Venezuela,2021-03-10,12194,12194.0,0.0,2021-03-10,862.0,
Venezuela,2021-03-11,12194,12194.0,0.0,2021-03-11,862.0,
Venezuela,2021-03-12,12194,12194.0,0.0,2021-03-12,862.0,
Venezuela,2021-03-13,12194,12194.0,0.0,2021-03-13,862.0,
Venezuela,2021-03-14,12194,12194.0,0.0,2021-03-14,862.0,
Venezuela,2021-03-15,12194,12194.0,0.0,2021-03-15,862.0,
Venezuela,2021-03-16,12194,12194.0,0.0,2021-03-16,862.0,
Venezuela,2021-03-17,12194,12194.0,0.0,2021-03-17,862.0,
Venezuela,2021-03-18,12194,12194.0,0.0,2021-03-18,862.0,
Venezuela,2021-03-19,12194,12194.0,0.0,2021-03-19,862.0,
Venezuela,2021-03-20,12194,12194.0,0.0,2021-03-20,862.0,
Venezuela,2021-03-21,12194,12194.0,0.0,2021-03-21,862.0,
Venezuela,2021-03-22,12194,12194.0,0.0,2021-03-22,862.0,
Venezuela,2021-03-23,12194,12194.0,0.0,2021-03-23,862.0,
Venezuela,2021-03-24,12194,12194.0,0.0,2021-03-24,862.0,
Venezuela,2021-03-25,12194,12194.0,0.0,2021-03-25,862.0,
Venezuela,2021-03-26,14223,14223.0,0.0,2021-03-26,862.0,
Venezuela,2021-03-27,14223,14223.0,0.0,2021-03-27,862.0,
Venezuela,2021-03-28,14223,14223.0,0.0,2021-03-28,862.0,
Venezuela,2021-03-29,14223,14223.0,0.0,2021-03-29,862.0,
Venezuela,2021-03-30,14223,14223.0,0.0,2021-03-30,862.0,
Venezuela,2021-03-31,14223,14223.0,0.0,2021-03-31,862.0,
Venezuela,2021-04-01,14223,14223.0,0.0,2021-04-01,862.0,
Venezuela,2021-04-02,98000,98000.0,0.0,2021-04-02,862.0,
Venezuela,2021-04-03,98000,98000.0,0.0,2021-04-03,862.0,
Venezuela,2021-04-04,98000,98000.0,0.0,2021-04-04,862.0,
Venezuela,2021-04-05,98000,98000.0,0.0,2021-04-05,862.0,
Venezuela,2021-04-06,98000,98000.0,0.0,2021-04-06,862.0,
Venezuela,2021-04-07,98000,98000.0,0.0,2021-04-07,862.0,
Venezuela,2021-04-08,98000,98000.0,0.0,2021-04-08,862.0,
Venezuela,2021-04-09,98000,98000.0,0.0,2021-04-09,862.0,
Venezuela,2021-04-10,98000,98000.0,0.0,2021-04-10,862.0,
Venezuela,2021-04-11,98000,98000.0,0.0,2021-04-11,862.0,
Venezuela,2021-04-12,250000,250000.0,0.0,2021-04-12,862.0,
Venezuela,2021-05-11,250000,250000.0,0.0,2021-05-12,862.0,
Venezuela,2021-05-12,250000,250000.0,0.0,2021-05-13,862.0,
Venezuela,2021-05-13,250000,250000.0,0.0,2021-05-14,862.0,
Venezuela,2021-05-14,250000,250000.0,0.0,2021-05-15,862.0,
Venezuela,2021-05-15,250000,250000.0,0.0,2021-05-16,862.0,
Venezuela,2021-05-16,250000,250000.0,0.0,2021-05-17,862.0,
Venezuela,2021-05-17,250000,250000.0,0.0,2021-05-18,862.0,
Venezuela,2021-05-18,250000,250000.0,0.0,2021-05-19,862.0,
Venezuela,2021-05-19,316000,316000.0,0.0,2021-05-20,862.0,
Venezuela,2021-05-20,316000,316000.0,0.0,2021-05-21,862.0,
Venezuela,2021-05-21,316000,316000.0,0.0,2021-05-22,862.0,
Venezuela,2021-05-22,316000,316000.0,0.0,2021-05-23,862.0,
Venezuela,2021-05-23,316000,316000.0,0.0,2021-05-24,862.0,
Venezuela,2021-05-24,316000,316000.0,0.0,2021-05-25,862.0,
Venezuela,2021-05-25,316000,316000.0,0.0,2021-05-26,862.0,
Venezuela,2021-05-26,316000,316000.0,0.0,2021-05-27,862.0,
Venezuela,2021-05-27,316000,316000.0,0.0,2021-05-28,862.0,
Venezuela,2021-05-28,316000,316000.0,0.0,2021-05-29,862.0,
Venezuela,2021-05-29,316000,316000.0,0.0,2021-05-30,862.0,
Venezuela,2021-05-30,316000,316000.0,0.0,2021-05-31,862.0,
Venezuela,2021-05-31,316000,316000.0,0.0,2021-06-01,862.0,
Angola,2021-06-01,909215,679034.0,230181.0,2021-06-02,24.0,
Venezuela,2021-06-01,316000,316000.0,0.0,2021-06-02,862.0,
Angola,2021-06-02,909215,679034.0,230181.0,2021-06-03,24.0,
Venezuela,2021-06-02,316000,316000.0,0.0,2021-06-03,862.0,
Angola,2021-06-03,909215,679034.0,230181.0,2021-06-04,24.0,
Venezuela,2021-06-03,316000,316000.0,0.0,2021-06-04,862.0,
Angola,2021-06-04,909215,679034.0,230181.0,2021-06-05,24.0,
Venezuela,2021-06-04,316000,316000.0,0.0,2021-06-05,862.0,
Angola,2021-06-05,909215,679034.0,230181.0,2021-06-06,24.0,
Venezuela,2021-06-05,316000,316000.0,0.0,2021-06-06,862.0,
Angola,2021-06-06,909215,679034.0,230181.0,2021-06-07,24.0,
Venezuela,2021-06-06,3300000,3127954.0,0.0,2021-06-07,862.0,
Angola,2021-06-07,909215,679034.0,230181.0,2021-06-08,24.0,
Venezuela,2021-06-07,3300000,3127954.0,0.0,2021-06-08,862.0,
Angola,2021-06-08,1115919,740289.0,375630.0,2021-06-09,24.0,
Venezuela,2021-06-08,3300000,3127954.0,0.0,2021-06-09,862.0,
Angola,2021-06-09,1115919,740289.0,375630.0,2021-06-10,24.0,
Venezuela,2021-06-09,3300000,3127954.0,0.0,2021-06-10,862.0,
Angola,2021-06-10,1222630,774926.0,447704.0,2021-06-11,24.0,
Venezuela,2021-06-10,3300000,3127954.0,0.0,2021-06-11,862.0,
Angola,2021-06-11,1222630,774926.0,447704.0,2021-06-12,24.0,
Venezuela,2021-06-11,739962,588066.0,151896.0,2021-06-12,862.0,
Angola,2021-06-12,1222630,774926.0,447704.0,2021-06-13,24.0,
Venezuela,2021-06-12,739962,588066.0,151896.0,2021-06-13,862.0,
Angola,2021-06-13,1222630,774926.0,447704.0,2021-06-14,24.0,
Venezuela,2021-06-13,739962,588066.0,151896.0,2021-06-14,862.0,
Angola,2021-06-14,1222630,774926.0,447704.0,2021-06-15,24.0,
Venezuela,2021-06-14,739962,588066.0,151896.0,2021-06-15,862.0,
Angola,2021-06-15,1314375,822109.0,492266.0,2021-06-16,24.0,
Venezuela,2021-06-15,739962,588066.0,151896.0,2021-06-16,862.0,
Angola,2021-06-16,1314375,822109.0,492266.0,2021-06-17,24.0,
Venezuela,2021-06-16,739962,588066.0,151896.0,2021-06-17,862.0,
Angola,2021-06-17,1314375,822109.0,492266.0,2021-06-18,24.0,
Venezuela,2021-06-17,739962,588066.0,151896.0,2021-06-18,862.0,
Angola,2021-06-18,1314375,822109.0,492266.0,2021-06-19,24.0,
Venezuela,2021-06-18,739962,588066.0,151896.0,2021-06-19,862.0,
Angola,2021-06-19,1314375,822109.0,492266.0,2021-06-20,24.0,
Venezuela,2021-06-19,1302992,1079134.0,223858.0,2021-06-20,862.0,
Angola,2021-06-20,1380174,822109.0,492266.0,2021-06-21,24.0,
Venezuela,2021-06-20,1302992,1079134.0,223858.0,2021-06-21,862.0,
Angola,2021-06-21,1380174,866381.0,513793.0,2021-06-22,24.0,
Venezuela,2021-06-21,1302992,1079134.0,223858.0,2021-06-22,862.0,
Angola,2021-06-22,1380174,866381.0,513793.0,2021-06-23,24.0,
Venezuela,2021-06-22,1302992,1079134.0,223858.0,2021-06-23,862.0,
Angola,2021-06-23,1380174,866381.0,513793.0,2021-06-24,24.0,
Venezuela,2021-06-23,1302992,1079134.0,223858.0,2021-06-24,862.0,
Angola,2021-06-24,1432699,909119.0,523580.0,2021-06-25,24.0,
Venezuela,2021-06-24,1302992,1079134.0,223858.0,2021-06-25,862.0,
Angola,2021-06-25,1432699,909119.0,523580.0,2021-06-26,24.0,
Venezuela,2021-06-25,1302992,1079134.0,223858.0,2021-06-26,862.0,
Angola,2021-06-26,1432699,909119.0,523580.0,2021-06-27,24.0,
Venezuela,2021-06-26,1466988,1223130.0,223858.0,2021-06-27,862.0,
Angola,2021-06-27,1432699,909119.0,523580.0,2021-06-28,24.0,
Venezuela,2021-06-27,1466988,1223130.0,223858.0,2021-06-28,862.0,
Angola,2021-06-28,1488292,943301.0,544991.0,2021-06-29,24.0,
Venezuela,2021-06-28,1466988,1223130.0,223858.0,2021-06-29,862.0,
Angola,2021-06-29,1488292,943301.0,544991.0,2021-06-30,24.0,
Venezuela,2021-06-29,1466988,1223130.0,223858.0,2021-06-30,862.0,
Angola,2021-06-30,1488292,943301.0,544991.0,2021-07-01,24.0,
Venezuela,2021-06-30,1466988,1223130.0,223858.0,2021-07-01,862.0,
Angola,2021-07-01,1488292,943301.0,544991.0,2021-07-02,24.0,
Venezuela,2021-07-01,1466988,1223130.0,223858.0,2021-07-02,862.0,
Angola,2021-07-02,1488292,943301.0,544991.0,2021-07-03,24.0,
Venezuela,2021-07-02,1466988,1223130.0,223858.0,2021-07-03,862.0,
Angola,2021-07-03,1488292,943301.0,544991.0,2021-07-04,24.0,
Venezuela,2021-07-03,1466988,1223130.0,223858.0,2021-07-04,862.0,
Angola,2021-07-04,1488292,943301.0,544991.0,2021-07-05,24.0,
Venezuela,2021-07-04,1466988,1223130.0,223858.0,2021-07-05,862.0,
Angola,2021-07-05,1513460,951772.0,561688.0,2021-07-06,24.0,
Venezuela,2021-07-05,1466988,1223130.0,223858.0,2021-07-06,862.0,
Angola,2021-07-06,1513460,951772.0,561688.0,2021-07-07,24.0,
Venezuela,2021-07-06,1466988,1223130.0,223858.0,2021-07-07,862.0,
Angola,2021-07-07,1513460,951772.0,561688.0,2021-07-08,24.0,
Venezuela,2021-07-07,2508201,2284343.0,223858.0,2021-07-08,862.0,
Angola,2021-07-08,1513460,951772.0,561688.0,2021-07-09,24.0,
Venezuela,2021-07-08,2508201,2284343.0,223858.0,2021-07-09,862.0,
Angola,2021-07-09,1513460,951772.0,561688.0,2021-07-10,24.0,
Venezuela,2021-07-09,2508201,2284343.0,223858.0,2021-07-10,862.0,
Angola,2021-07-10,1513460,951772.0,561688.0,2021-07-11,24.0,
Venezuela,2021-07-10,2508201,2284343.0,223858.0,2021-07-11,862.0,
Angola,2021-07-11,1513460,951772.0,561688.0,2021-07-12,24.0,
Venezuela,2021-07-11,2508201,2284343.0,223858.0,2021-07-12,862.0,
Angola,2021-07-12,1558201,951772.0,561688.0,2021-07-13,24.0,
Venezuela,2021-07-12,2508201,2284343.0,223858.0,2021-07-13,862.0,
Angola,2021-07-13,1558201,958373.0,599828.0,2021-07-14,24.0,
Venezuela,2021-07-13,4000000,2900000.0,1100000.0,2021-07-14,862.0,
Angola,2021-07-14,1558201,958373.0,599828.0,2021-07-15,24.0,
Venezuela,2021-07-14,4000000,2900000.0,1100000.0,2021-07-15,862.0,
Angola,2021-07-15,1558201,958373.0,599828.0,2021-07-16,24.0,
Venezuela,2021-07-15,4000000,2900000.0,1100000.0,2021-07-16,862.0,
Angola,2021-07-16,1558201,958373.0,599828.0,2021-07-17,24.0,
Venezuela,2021-07-16,4000000,2900000.0,1100000.0,2021-07-17,862.0,
Angola,2021-07-17,1558201,958373.0,599828.0,2021-07-18,24.0,
Venezuela,2021-07-17,4000000,2900000.0,1100000.0,2021-07-18,862.0,
Angola,2021-07-18,1558201,958373.0,599828.0,2021-07-19,24.0,
Venezuela,2021-07-18,4000000,2900000.0,1100000.0,2021-07-19,862.0,
Angola,2021-07-19,1592537,958373.0,634164.0,2021-07-20,24.0,
Venezuela,2021-07-19,4000000,2900000.0,1100000.0,2021-07-20,862.0,
Angola,2021-07-20,1592537,958373.0,634164.0,2021-07-21,24.0,
Venezuela,2021-07-20,4000000,2900000.0,1100000.0,2021-07-21,862.0,
Angola,2021-07-21,1592537,958373.0,634164.0,2021-07-22,24.0,
Venezuela,2021-07-21,4000000,2900000.0,1100000.0,2021-07-22,862.0,
Angola,2021-07-22,1592537,958373.0,634164.0,2021-07-23,24.0,
Venezuela,2021-07-22,4000000,2900000.0,1100000.0,2021-07-23,862.0,
Angola,2021-07-23,1592537,958373.0,634164.0,2021-07-24,24.0,
Venezuela,2021-07-23,4000000,2900000.0,1100000.0,2021-07-24,862.0,
Angola,2021-07-24,1592537,958373.0,634164.0,2021-07-25,24.0,
Venezuela,2021-07-24,4000000,2900000.0,1100000.0,2021-07-25,862.0,
Angola,2021-07-25,1592537,958373.0,634164.0,2021-07-26,24.0,
Venezuela,2021-07-25,4000000,2900000.0,1100000.0,2021-07-26,862.0,
Angola,2021-07-26,1592537,958373.0,634164.0,2021-07-27,24.0,
Venezuela,2021-07-26,4000000,2900000.0,1100000.0,2021-07-27,862.0,
Angola,2021-07-27,1592537,958373.0,634164.0,2021-07-28,24.0,
Venezuela,2021-07-27,4000000,2900000.0,1100000.0,2021-07-28,862.0,
Angola,2021-07-28,1592537,958373.0,634164.0,2021-07-29,24.0,
Venezuela,2021-07-28,4000000,2900000.0,1100000.0,2021-07-29,862.0,
Angola,2021-07-29,1592537,958373.0,634164.0,2021-07-30,24.0,
Venezuela,2021-07-29,4000000,2900000.0,1100000.0,2021-07-30,862.0,
Angola,2021-07-30,1592537,958373.0,634164.0,2021-07-31,24.0,
Venezuela,2021-07-30,4000000,2900000.0,1100000.0,2021-07-31,862.0,
Angola,2021-07-31,1592537,958373.0,634164.0,2021-08-01,24.0,
Venezuela,2021-07-31,4000000,2900000.0,1100000.0,2021-08-01,862.0,
Angola,2021-08-01,1592537,958373.0,634164.0,2021-08-02,24.0,
Venezuela,2021-08-01,4000000,2900000.0,1100000.0,2021-08-02,862.0,
Angola,2021-08-02,1592537,958373.0,634164.0,2021-08-03,24.0,
Venezuela,2021-08-02,4000000,2900000.0,1100000.0,2021-08-03,862.0,
Angola,2021-08-03,1680059,969946.0,710113.0,2021-08-04,24.0,
Venezuela,2021-08-03,4000000,2900000.0,1100000.0,2021-08-04,862.0,
Angola,2021-08-04,1680059,969946.0,710113.0,2021-08-05,24.0,
Venezuela,2021-08-04,4000000,2900000.0,1100000.0,2021-08-05,862.0,
Angola,2021-08-05,1680059,969946.0,710113.0,2021-08-06,24.0,
Venezuela,2021-08-05,4000000,2900000.0,1100000.0,2021-08-06,862.0,
Angola,2021-08-06,1680059,969946.0,710113.0,2021-08-07,24.0,
Venezuela,2021-08-06,4000000,2900000.0,1100000.0,2021-08-07,862.0,
Angola,2021-08-07,1680059,969946.0,710113.0,2021-08-08,24.0,
Venezuela,2021-08-07,4000000,2900000.0,1100000.0,2021-08-08,862.0,
Angola,2021-08-08,1680059,969946.0,710113.0,2021-08-09,24.0,
Venezuela,2021-08-08,4000000,2900000.0,1100000.0,2021-08-09,862.0,
Angola,2021-08-09,1695588,972978.0,722610.0,2021-08-10,24.0,
Venezuela,2021-08-09,4000000,2900000.0,1100000.0,2021-08-10,862.0,
Angola,2021-08-10,1695588,972978.0,722610.0,2021-08-11,24.0,
Venezuela,2021-08-10,4000000,2900000.0,1100000.0,2021-08-11,862.0,
Angola,2021-08-11,1695588,972978.0,722610.0,2021-08-12,24.0,
Venezuela,2021-08-11,4000000,2900000.0,1100000.0,2021-08-12,862.0,
Angola,2021-08-12,1695588,972978.0,722610.0,2021-08-13,24.0,
Venezuela,2021-08-12,4000000,2900000.0,1100000.0,2021-08-13,862.0,
Angola,2021-08-13,1695588,972978.0,722610.0,2021-08-14,24.0,
Venezuela,2021-08-13,4000000,2900000.0,1100000.0,2021-08-14,862.0,
Angola,2021-08-14,1695588,972978.0,722610.0,2021-08-15,24.0,
Venezuela,2021-08-14,4000000,2900000.0,1100000.0,2021-08-15,862.0,
Angola,2021-08-15,1695588,972978.0,722610.0,2021-08-16,24.0,
Venezuela,2021-08-15,4000000,2900000.0,1100000.0,2021-08-16,862.0,
Angola,2021-08-16,1727488,1000191.0,727297.0,2021-08-17,24.0,
Venezuela,2021-08-16,4000000,2900000.0,1100000.0,2021-08-17,862.0,
Angola,2021-08-17,1727488,1000191.0,727297.0,2021-08-18,24.0,
Venezuela,2021-08-17,4000000,2900000.0,1100000.0,2021-08-18,862.0,
Angola,2021-08-18,1727488,1000191.0,727297.0,2021-08-19,24.0,
Venezuela,2021-08-18,4678086,2900000.0,1100000.0,2021-08-19,862.0,
Angola,2021-08-19,1727488,1000191.0,727297.0,2021-08-20,24.0,
Venezuela,2021-08-19,4678086,2900000.0,1100000.0,2021-08-20,862.0,
Angola,2021-08-20,1754073,1025762.0,728311.0,2021-08-21,24.0,
Venezuela,2021-08-20,4678086,2900000.0,1100000.0,2021-08-21,862.0,
Angola,2021-08-21,1754073,1025762.0,728311.0,2021-08-22,24.0,
Venezuela,2021-08-21,4678086,2900000.0,1100000.0,2021-08-22,862.0,
Angola,2021-08-22,1754073,1025762.0,728311.0,2021-08-23,24.0,
Venezuela,2021-08-22,4678086,2900000.0,1100000.0,2021-08-23,862.0,
Angola,2021-08-23,1754073,1025762.0,728311.0,2021-08-24,24.0,
Venezuela,2021-08-23,4678086,2900000.0,1100000.0,2021-08-24,862.0,
Angola,2021-08-24,1754073,1025762.0,728311.0,2021-08-25,24.0,
Venezuela,2021-08-24,4678086,2900000.0,1100000.0,2021-08-25,862.0,
Angola,2021-08-25,1841568,1110558.0,731010.0,2021-08-26,24.0,
Venezuela,2021-08-25,4678086,2900000.0,1100000.0,2021-08-26,862.0,
Angola,2021-08-26,1841568,1110558.0,731010.0,2021-08-27,24.0,
Venezuela,2021-08-26,4678086,2900000.0,1100000.0,2021-08-27,862.0,
Angola,2021-08-27,1841568,1110558.0,731010.0,2021-08-28,24.0,
Venezuela,2021-08-27,4678086,2900000.0,1100000.0,2021-08-28,862.0,
Angola,2021-08-28,1841568,1110558.0,731010.0,2021-08-29,24.0,
Venezuela,2021-08-28,9342817,6006270.0,3336547.0,2021-08-29,862.0,
Angola,2021-08-29,1841568,1110558.0,731010.0,2021-08-30,24.0,
Venezuela,2021-08-29,9342817,6006270.0,3336547.0,2021-08-30,862.0,
Angola,2021-08-30,1869933,1110558.0,731010.0,2021-08-31,24.0,
Venezuela,2021-08-30,9342817,6006270.0,3336547.0,2021-08-31,862.0,
Angola,2021-08-31,1869933,1110558.0,731010.0,2021-09-01,24.0,
Venezuela,2021-08-31,9342817,6006270.0,3336547.0,2021-09-01,862.0,
Angola,2021-09-01,2086325,1165755.0,920570.0,2021-09-02,24.0,
Venezuela,2021-09-01,9342817,6006270.0,3336547.0,2021-09-02,862.0,
Angola,2021-09-02,2086325,1165755.0,920570.0,2021-09-03,24.0,
Venezuela,2021-09-02,9342817,6006270.0,3336547.0,2021-09-03,862.0,
Angola,2021-09-03,2086325,1165755.0,920570.0,2021-09-04,24.0,
Venezuela,2021-09-03,9342817,6006270.0,3336547.0,2021-09-04,862.0,
Angola,2021-09-04,2086325,1165755.0,920570.0,2021-09-05,24.0,
Venezuela,2021-09-04,9342817,6006270.0,3336547.0,2021-09-05,862.0,
Angola,2021-09-05,2086325,1165755.0,920570.0,2021-09-06,24.0,
Venezuela,2021-09-05,9342817,6006270.0,3336547.0,2021-09-06,862.0,
Angola,2021-09-06,2086325,1165755.0,920570.0,2021-09-07,24.0,
Venezuela,2021-09-06,9342817,6006270.0,3336547.0,2021-09-07,862.0,
Angola,2021-09-07,2086325,1165755.0,920570.0,2021-09-08,24.0,
Venezuela,2021-09-07,9342817,6006270.0,3336547.0,2021-09-08,862.0,
Angola,2021-09-08,2086325,1165755.0,920570.0,2021-09-09,24.0,
Venezuela,2021-09-08,9342817,6006270.0,3336547.0,2021-09-09,862.0,
Angola,2021-09-09,2086325,1165755.0,920570.0,2021-09-10,24.0,
Venezuela,2021-09-09,9342817,6006270.0,3336547.0,2021-09-10,862.0,
Angola,2021-09-10,2086325,1165755.0,920570.0,2021-09-11,24.0,
Venezuela,2021-09-10,9342817,6006270.0,3336547.0,2021-09-11,862.0,
Angola,2021-09-11,2086325,1165755.0,920570.0,2021-09-12,24.0,
Venezuela,2021-09-11,9342817,6006270.0,3336547.0,2021-09-12,862.0,
Angola,2021-09-12,2086325,1165755.0,920570.0,2021-09-13,24.0,
Venezuela,2021-09-12,9342817,6006270.0,3336547.0,2021-09-13,862.0,
Angola,2021-09-13,2469333,1510880.0,958453.0,2021-09-14,24.0,
Venezuela,2021-09-13,11094206,6822809.0,4271397.0,2021-09-14,862.0,
Angola,2021-09-14,2469333,1510880.0,958453.0,2021-09-15,24.0,
Venezuela,2021-09-14,11094206,6822809.0,4271397.0,2021-09-15,862.0,
Angola,2021-09-15,2469333,1510880.0,958453.0,2021-09-16,24.0,
Venezuela,2021-09-15,11094206,6822809.0,4271397.0,2021-09-16,862.0,
Angola,2021-09-16,2469333,1510880.0,958453.0,2021-09-17,24.0,
Venezuela,2021-09-16,11094206,6822809.0,4271397.0,2021-09-17,862.0,
Angola,2021-09-17,2469333,1510880.0,958453.0,2021-09-18,24.0,
Venezuela,2021-09-17,11094206,6822809.0,4271397.0,2021-09-18,862.0,
Angola,2021-09-18,2469333,1510880.0,958453.0,2021-09-19,24.0,
Venezuela,2021-09-18,11094206,6822809.0,4271397.0,2021-09-19,862.0,
Angola,2021-09-19,2469333,1510880.0,958453.0,2021-09-20,24.0,
Venezuela,2021-09-19,11094206,6822809.0,4271397.0,2021-09-20,862.0,
Angola,2021-09-20,2820134,1836547.0,983587.0,2021-09-21,24.0,
Venezuela,2021-09-20,11094206,6822809.0,4271397.0,2021-09-21,862.0,
Angola,2021-09-21,2820134,1836547.0,983587.0,2021-09-22,24.0,
Venezuela,2021-09-21,11094206,6822809.0,4271397.0,2021-09-22,862.0,
Angola,2021-09-22,2820134,1836547.0,983587.0,2021-09-23,24.0,
Venezuela,2021-09-22,11094206,6822809.0,4271397.0,2021-09-23,862.0,
Angola,2021-09-23,2820134,1836547.0,983587.0,2021-09-24,24.0,
Venezuela,2021-09-23,11094206,6822809.0,4271397.0,2021-09-24,862.0,
Angola,2021-09-24,2820134,1836547.0,983587.0,2021-09-25,24.0,
Venezuela,2021-09-24,14050000,8800000.0,5250000.0,2021-09-25,862.0,
Angola,2021-09-25,2820134,1836547.0,983587.0,2021-09-26,24.0,
Venezuela,2021-09-25,14050000,8800000.0,5250000.0,2021-09-26,862.0,
Angola,2021-09-26,2820134,1836547.0,983587.0,2021-09-27,24.0,
Venezuela,2021-09-26,14050000,8800000.0,5250000.0,2021-09-27,862.0,
Angola,2021-09-27,3134137,2127405.0,1006732.0,2021-09-28,24.0,
Venezuela,2021-09-27,14050000,8800000.0,5250000.0,2021-09-28,862.0,
Angola,2021-09-28,3134137,2127405.0,1006732.0,2021-09-29,24.0,
Venezuela,2021-09-28,15714857,9731808.0,5983049.0,2021-09-29,862.0,
Angola,2021-09-29,3134137,2127405.0,1006732.0,2021-09-30,24.0,
Venezuela,2021-09-29,15714857,9731808.0,5983049.0,2021-09-30,862.0,
Angola,2021-09-30,3134137,2127405.0,1006732.0,2021-10-01,24.0,
Venezuela,2021-09-30,15714857,9731808.0,5983049.0,2021-10-01,862.0,
Angola,2021-10-01,3134137,2127405.0,1006732.0,2021-10-02,24.0,
Venezuela,2021-10-01,15714857,9731808.0,5983049.0,2021-10-02,862.0,
Angola,2021-10-02,3134137,2127405.0,1006732.0,2021-10-03,24.0,
Venezuela,2021-10-02,15714857,9731808.0,5983049.0,2021-10-03,862.0,
Angola,2021-10-03,3134137,2127405.0,1006732.0,2021-10-04,24.0,
Venezuela,2021-10-03,15714857,9731808.0,5983049.0,2021-10-04,862.0,
Angola,2021-10-04,3134137,2127405.0,1006732.0,2021-10-05,24.0,
Venezuela,2021-10-04,15714857,9731808.0,5983049.0,2021-10-05,862.0,
Angola,2021-10-05,3134137,2127405.0,1006732.0,2021-10-06,24.0,
Venezuela,2021-10-05,15714857,9731808.0,5983049.0,2021-10-06,862.0,
Angola,2021-10-06,3134137,2127405.0,1006732.0,2021-10-07,24.0,
Venezuela,2021-10-06,15714857,9731808.0,5983049.0,2021-10-07,862.0,
