Login Id,Time
466,2017-01-07 18:24:07
466,2017-01-07 18:24:55
458,2017-01-07 18:25:18
458,2017-01-07 18:26:21
592,2017-01-07 19:09:59
393,2017-01-08 00:41:19
592,2017-01-08 09:14:27
592,2017-01-08 11:18:08
636,2017-01-08 11:27:24
458,2017-01-09 11:13:12
458,2017-01-09 11:34:02
413,2017-01-09 12:29:25
413,2017-01-09 12:40:39
592,2017-01-09 12:47:22
413,2017-01-09 14:08:04
500,2017-01-09 14:33:42
585,2017-01-09 15:35:26
492,2017-01-09 15:47:49
470,2017-01-09 16:11:26
393,2017-01-09 16:22:48
592,2017-01-09 16:31:07
592,2017-01-09 17:03:37
592,2017-01-09 20:06:54
639,2017-01-09 20:16:20
592,2017-01-10 10:55:06
458,2017-01-10 12:14:11
458,2017-01-10 12:33:53
462,2017-01-10 12:34:59
462,2017-01-10 12:38:11
462,2017-01-10 12:38:47
462,2017-01-10 12:49:20
458,2017-01-10 12:50:25
592,2017-01-10 13:03:28
413,2017-01-10 14:36:23
640,2017-01-10 15:14:35
413,2017-01-10 15:22:45
458,2017-01-10 15:33:51
492,2017-01-10 16:07:34
592,2017-01-10 17:27:58
470,2017-01-10 17:29:43
554,2017-01-10 17:37:47
470,2017-01-10 17:41:07
466,2017-01-10 19:12:47
592,2017-01-11 11:33:57
458,2017-01-11 11:43:44
478,2017-01-11 11:44:13
478,2017-01-11 11:51:12
500,2017-01-11 12:03:28
458,2017-01-11 12:03:35
500,2017-01-11 12:11:34
458,2017-01-11 12:15:33
500,2017-01-11 12:18:55
458,2017-01-11 12:28:29
528,2017-01-11 13:46:09
470,2017-01-11 14:48:52
500,2017-01-11 15:00:40
500,2017-01-11 15:05:27
470,2017-01-11 15:14:38
458,2017-01-11 15:15:52
500,2017-01-11 15:33:35
413,2017-01-11 15:40:45
500,2017-01-11 15:43:44
458,2017-01-11 15:56:44
450,2017-01-11 16:22:00
470,2017-01-11 17:12:28
500,2017-01-11 17:20:47
470,2017-01-12 07:20:13
450,2017-01-12 10:21:34
500,2017-01-12 10:41:22
640,2017-01-12 11:49:54
592,2017-01-12 12:34:17
478,2017-01-12 14:30:56
458,2017-01-12 15:00:02
592,2017-01-12 15:08:26
470,2017-01-12 15:22:59
536,2017-01-12 15:57:01
511,2017-01-12 18:48:42
393,2017-01-12 18:52:14
592,2017-01-13 11:01:21
450,2017-01-13 11:16:38
450,2017-01-13 11:59:42
458,2017-01-13 12:03:58
450,2017-01-13 12:04:25
500,2017-01-13 12:17:52
458,2017-01-13 12:49:54
635,2017-01-13 13:06:43
492,2017-01-13 13:38:47
500,2017-01-13 13:55:59
635,2017-01-13 13:57:08
470,2017-01-13 14:02:52
450,2017-01-13 15:04:56
635,2017-01-13 17:39:20
485,2017-01-13 17:41:59
458,2017-01-14 10:40:12
413,2017-01-14 11:57:18
450,2017-01-14 14:05:01
393,2017-01-14 17:22:19
470,2017-01-15 07:05:16
470,2017-01-15 07:35:57
450,2017-01-15 11:59:37
592,2017-01-15 21:11:43
393,2017-01-15 23:47:12
541,2017-01-16 10:24:46
450,2017-01-16 11:08:25
458,2017-01-16 11:21:17
413,2017-01-16 11:57:55
492,2017-01-16 12:06:31
474,2017-01-16 12:55:51
592,2017-01-16 13:11:32
500,2017-01-16 13:14:01
500,2017-01-16 14:24:55
466,2017-01-16 15:21:20
458,2017-01-16 16:32:19
635,2017-01-16 17:51:14
393,2017-01-16 18:30:13
458,2017-01-17 11:17:36
643,2017-01-17 11:18:42
458,2017-01-17 11:23:49
470,2017-01-17 13:58:26
592,2017-01-17 14:05:24
466,2017-01-17 14:06:57
458,2017-01-17 15:31:15
450,2017-01-17 15:34:06
450,2017-01-17 17:41:30
500,2017-01-17 17:43:39
466,2017-01-17 17:47:23
450,2017-01-17 17:59:20
500,2017-01-17 18:09:54
458,2017-01-17 18:46:10
450,2017-01-18 10:53:40
458,2017-01-18 11:31:35
478,2017-01-18 11:34:44
500,2017-01-18 12:02:56
458,2017-01-18 12:11:36
500,2017-01-18 12:12:08
644,2017-01-18 12:14:12
458,2017-01-18 12:17:55
466,2017-01-18 12:22:03
500,2017-01-18 12:38:17
458,2017-01-18 12:53:02
585,2017-01-18 13:30:06
640,2017-01-18 15:53:03
592,2017-01-18 18:00:12
645,2017-01-18 18:02:41
393,2017-01-18 18:38:59
646,2017-01-19 11:52:16
592,2017-01-19 11:58:14
458,2017-01-19 12:03:39
492,2017-01-19 12:04:15
580,2017-01-19 12:47:03
458,2017-01-19 13:00:24
642,2017-01-19 13:05:19
450,2017-01-19 17:09:35
393,2017-01-20 01:47:26
571,2017-01-20 12:44:59
578,2017-01-20 13:23:55
642,2017-01-20 13:28:22
592,2017-01-20 13:37:48
450,2017-01-20 16:36:41
458,2017-01-20 16:50:52
458,2017-01-21 11:42:22
646,2017-01-21 11:46:23
450,2017-01-21 12:32:03
592,2017-01-21 12:53:49
500,2017-01-21 14:49:07
450,2017-01-22 10:52:45
647,2017-01-22 21:44:42
458,2017-01-23 11:33:16
413,2017-01-23 11:40:25
500,2017-01-23 11:43:55
413,2017-01-23 11:49:30
450,2017-01-23 12:46:09
478,2017-01-23 14:38:47
466,2017-01-23 15:21:58
500,2017-01-23 15:36:16
413,2017-01-23 15:51:06
450,2017-01-23 16:01:29
450,2017-01-23 16:22:40
592,2017-01-23 17:21:10
458,2017-01-23 18:13:48
651,2017-01-24 00:24:03
652,2017-01-24 00:45:53
458,2017-01-24 12:22:15
466,2017-01-24 13:11:17
653,2017-01-24 13:21:46
653,2017-01-24 13:22:46
466,2017-01-24 13:28:02
458,2017-01-24 14:39:08
654,2017-01-24 15:18:22
458,2017-01-24 17:08:43
654,2017-01-25 10:17:02
458,2017-01-25 11:17:36
478,2017-01-25 12:14:26
450,2017-01-25 12:18:58
658,2017-01-25 13:41:20
458,2017-01-25 15:26:38
659,2017-01-25 15:36:50
458,2017-01-25 18:20:38
413,2017-01-26 00:46:00
660,2017-01-26 00:54:43
660,2017-01-26 00:55:21
660,2017-01-26 00:56:10
592,2017-01-26 11:31:48
393,2017-01-26 19:18:34
592,2017-01-27 10:50:11
458,2017-01-27 17:04:11
393,2017-01-27 17:24:37
463,2017-01-27 17:26:26
592,2017-01-27 17:36:07
393,2017-01-27 17:37:31
592,2017-01-27 18:02:59
463,2017-01-27 18:39:53
458,2017-01-27 18:40:14
492,2017-01-27 19:27:56
592,2017-01-27 19:39:42
393,2017-01-27 23:42:11
393,2017-01-28 11:51:12
478,2017-01-28 11:53:14
427,2017-01-28 12:25:24
463,2017-01-28 13:43:46
492,2017-01-28 15:11:19
515,2017-01-28 15:16:21
458,2017-01-28 16:38:32
462,2017-01-28 16:52:05
462,2017-01-28 16:55:33
462,2017-01-28 16:58:00
462,2017-01-28 17:00:54
466,2017-01-28 17:01:23
462,2017-01-28 17:01:49
458,2017-01-28 17:03:44
462,2017-01-28 17:06:16
458,2017-01-28 17:08:37
462,2017-01-28 17:09:29
458,2017-01-28 17:13:38
530,2017-01-29 13:35:22
463,2017-01-30 12:26:23
458,2017-01-30 12:34:55
458,2017-01-30 12:42:44
463,2017-01-30 12:53:46
500,2017-01-30 13:43:44
393,2017-01-30 14:06:37
393,2017-01-30 14:06:56
662,2017-01-30 17:20:18
662,2017-01-30 17:20:36
463,2017-01-30 18:04:41
500,2017-01-30 18:46:23
663,2017-01-31 12:03:23
463,2017-01-31 12:13:57
458,2017-01-31 13:39:31
664,2017-01-31 13:55:13
664,2017-01-31 13:55:45
664,2017-01-31 14:08:43
458,2017-01-31 14:17:32
653,2017-01-31 15:42:57
470,2017-01-31 15:53:13
653,2017-01-31 15:57:22
463,2017-01-31 16:04:56
653,2017-01-31 16:11:42
463,2017-01-31 16:15:06
466,2017-01-31 16:20:18
653,2017-01-31 16:21:59
665,2017-01-31 18:02:03
466,2017-01-31 18:06:21
492,2017-01-31 18:22:02
585,2017-01-31 18:56:09
463,2017-01-31 19:05:24
458,2017-02-01 11:57:50
492,2017-02-01 13:13:45
458,2017-02-01 13:17:09
500,2017-02-01 16:47:35
592,2017-02-02 10:28:54
463,2017-02-02 10:56:46
466,2017-02-02 11:59:25
458,2017-02-02 12:18:09
573,2017-02-02 12:21:26
592,2017-02-02 12:36:44
458,2017-02-02 13:45:46
470,2017-02-02 13:58:47
466,2017-02-02 14:59:31
482,2017-02-02 15:09:54
393,2017-02-03 01:14:53
667,2017-02-03 11:34:31
466,2017-02-03 12:28:22
668,2017-02-03 13:59:48
668,2017-02-03 14:12:25
466,2017-02-03 16:31:39
466,2017-02-03 16:34:31
668,2017-02-03 17:05:57
592,2017-02-04 10:53:24
592,2017-02-04 11:00:08
668,2017-02-04 12:22:18
667,2017-02-04 12:25:21
458,2017-02-04 12:40:24
592,2017-02-04 13:08:58
393,2017-02-04 14:56:59
664,2017-02-04 15:17:27
458,2017-02-04 17:52:31
664,2017-02-04 18:46:49
466,2017-02-05 22:10:59
381,2017-02-06 10:21:31
381,2017-02-06 10:25:27
466,2017-02-06 10:40:15
458,2017-02-06 11:04:15
463,2017-02-06 12:35:42
592,2017-02-06 13:38:12
664,2017-02-06 14:43:48
466,2017-02-06 16:57:46
393,2017-02-06 17:27:07
450,2017-02-07 10:16:06
458,2017-02-07 12:11:54
463,2017-02-07 16:37:57
592,2017-02-08 10:29:56
463,2017-02-08 12:19:28
450,2017-02-08 12:46:36
458,2017-02-08 13:14:58
646,2017-02-08 13:41:14
458,2017-02-08 14:49:42
652,2017-02-08 16:17:12
640,2017-02-08 17:09:37
592,2017-02-08 17:18:01
470,2017-02-08 17:41:36
393,2017-02-08 23:28:02
669,2017-02-09 10:22:14
592,2017-02-09 10:41:16
458,2017-02-09 11:02:54
660,2017-02-09 11:11:18
458,2017-02-09 12:30:51
670,2017-02-09 12:31:15
478,2017-02-09 12:41:51
500,2017-02-09 12:55:14
458,2017-02-09 13:21:11
556,2017-02-09 13:31:35
556,2017-02-09 14:29:02
458,2017-02-09 14:51:14
592,2017-02-09 15:03:13
463,2017-02-09 15:31:35
458,2017-02-09 16:26:00
672,2017-02-09 16:29:29
466,2017-02-09 17:29:47
556,2017-02-09 17:32:20
541,2017-02-09 17:33:07
413,2017-02-09 22:10:15
652,2017-02-09 23:39:52
450,2017-02-10 09:57:30
556,2017-02-10 10:15:13
458,2017-02-10 11:25:11
427,2017-02-10 11:43:01
500,2017-02-10 11:52:51
458,2017-02-10 12:06:38
646,2017-02-10 12:31:57
668,2017-02-10 12:48:13
671,2017-02-10 12:52:53
674,2017-02-10 13:53:13
458,2017-02-10 13:57:48
592,2017-02-10 14:02:49
674,2017-02-10 14:19:53
672,2017-02-10 14:33:01
381,2017-02-10 15:17:16
478,2017-02-10 15:19:21
668,2017-02-10 15:33:54
427,2017-02-10 15:38:42
492,2017-02-10 15:48:02
670,2017-02-10 16:08:34
492,2017-02-10 19:00:42
492,2017-02-11 00:06:16
652,2017-02-11 12:22:23
458,2017-02-11 12:25:38
540,2017-02-11 15:52:37
592,2017-02-11 16:01:13
450,2017-02-12 12:24:52
556,2017-02-12 19:48:31
556,2017-02-13 10:23:20
458,2017-02-13 11:02:54
458,2017-02-13 11:21:31
464,2017-02-13 11:37:59
668,2017-02-13 12:14:54
670,2017-02-13 12:39:16
492,2017-02-13 12:50:00
458,2017-02-13 18:35:50
458,2017-02-14 10:44:07
662,2017-02-14 13:49:36
458,2017-02-14 15:52:17
458,2017-02-14 15:54:43
497,2017-02-15 14:41:35
458,2017-02-15 14:46:26
463,2017-02-15 16:15:38
592,2017-02-15 16:38:17
629,2017-02-15 16:59:44
592,2017-02-15 17:46:29
662,2017-02-15 18:10:35
592,2017-02-15 20:09:51
662,2017-02-16 11:56:51
458,2017-02-16 12:00:05
556,2017-02-16 12:40:39
677,2017-02-16 12:41:28
451,2017-02-16 13:09:18
592,2017-02-16 15:06:01
458,2017-02-16 18:21:39
413,2017-02-17 10:37:04
592,2017-02-17 10:40:48
451,2017-02-17 10:48:54
629,2017-02-17 10:52:35
629,2017-02-17 11:02:48
458,2017-02-17 11:04:28
413,2017-02-17 11:28:00
484,2017-02-17 11:38:07
458,2017-02-17 12:06:41
680,2017-02-17 12:36:20
677,2017-02-17 12:48:57
458,2017-02-17 12:49:01
463,2017-02-17 13:57:06
451,2017-02-17 14:06:33
463,2017-02-17 14:17:17
419,2017-02-17 15:01:02
492,2017-02-17 15:25:10
463,2017-02-17 15:57:50
463,2017-02-17 17:29:25
592,2017-02-17 17:37:18
450,2017-02-18 11:21:20
393,2017-02-18 12:03:16
492,2017-02-18 12:26:43
565,2017-02-18 12:31:20
458,2017-02-18 12:31:37
674,2017-02-18 14:17:23
592,2017-02-18 15:00:31
453,2017-02-18 16:18:54
492,2017-02-18 18:17:52
393,2017-02-19 15:55:49
458,2017-02-20 10:36:13
458,2017-02-20 11:08:21
463,2017-02-20 11:09:46
453,2017-02-20 11:43:15
492,2017-02-20 12:00:43
492,2017-02-20 12:06:36
536,2017-02-20 12:19:43
652,2017-02-20 13:28:35
463,2017-02-20 16:56:12
629,2017-02-21 10:17:38
458,2017-02-21 12:39:27
536,2017-02-21 12:48:19
682,2017-02-21 13:39:22
683,2017-02-21 14:11:50
492,2017-02-21 14:16:14
466,2017-02-21 15:28:38
453,2017-02-21 18:01:13
413,2017-02-22 10:49:13
450,2017-02-22 15:25:43
629,2017-02-22 16:00:45
458,2017-02-22 17:33:42
682,2017-02-23 09:36:04
682,2017-02-23 13:23:03
458,2017-02-23 13:38:50
463,2017-02-23 14:01:24
500,2017-02-23 16:08:42
450,2017-02-23 16:31:58
668,2017-02-24 13:38:19
419,2017-02-24 14:34:41
458,2017-02-25 11:14:29
442,2017-02-25 16:20:29
453,2017-02-25 19:34:05
660,2017-02-26 12:53:25
458,2017-02-27 10:52:54
466,2017-02-27 16:37:42
458,2017-02-27 17:27:17
646,2017-02-28 12:14:48
458,2017-02-28 13:14:34
500,2017-02-28 14:35:50
450,2017-02-28 16:34:42
458,2017-02-28 17:53:28
393,2017-02-28 20:12:31
690,2017-03-01 11:11:29
690,2017-03-01 11:18:25
458,2017-03-01 11:56:50
646,2017-03-01 13:41:13
691,2017-03-01 15:07:37
458,2017-03-01 15:10:06
606,2017-03-01 15:18:03
691,2017-03-01 15:28:10
458,2017-03-01 15:43:14
670,2017-03-01 16:01:07
458,2017-03-02 12:29:35
629,2017-03-02 12:46:15
690,2017-03-02 12:48:57
451,2017-03-02 14:31:11
450,2017-03-02 14:35:49
691,2017-03-02 16:04:39
691,2017-03-02 16:48:09
691,2017-03-02 17:16:43
677,2017-03-02 18:32:39
660,2017-03-03 09:04:32
662,2017-03-03 09:27:07
691,2017-03-03 09:40:15
536,2017-03-03 11:25:28
492,2017-03-03 11:32:31
478,2017-03-03 12:40:18
458,2017-03-03 12:42:00
451,2017-03-03 13:42:37
693,2017-03-03 15:52:44
458,2017-03-03 16:10:24
453,2017-03-03 16:25:52
478,2017-03-03 17:01:34
470,2017-03-03 17:10:36
500,2017-03-03 17:13:11
492,2017-03-03 17:13:36
452,2017-03-03 18:56:32
660,2017-03-03 22:05:08
458,2017-03-04 11:20:00
419,2017-03-04 11:32:27
463,2017-03-04 11:35:33
458,2017-03-04 11:43:27
478,2017-03-04 11:43:42
478,2017-03-04 12:18:03
393,2017-03-04 12:28:10
545,2017-03-04 12:33:13
693,2017-03-04 12:53:15
600,2017-03-04 12:57:41
492,2017-03-04 12:58:55
478,2017-03-04 12:59:36
470,2017-03-04 14:34:34
419,2017-03-04 16:12:17
419,2017-03-04 16:37:33
458,2017-03-04 16:45:00
492,2017-03-04 16:49:42
463,2017-03-04 18:08:28
451,2017-03-04 18:13:02
458,2017-03-04 18:49:15
393,2017-03-05 19:47:37
693,2017-03-05 21:46:20
659,2017-03-06 10:56:23
458,2017-03-06 10:58:30
478,2017-03-06 11:09:33
492,2017-03-06 12:07:24
463,2017-03-06 13:06:19
492,2017-03-06 14:06:27
458,2017-03-06 14:08:31
682,2017-03-06 14:10:44
452,2017-03-06 14:18:21
512,2017-03-06 15:22:45
691,2017-03-06 18:31:42
695,2017-03-07 09:27:10
458,2017-03-07 11:17:05
451,2017-03-07 11:34:45
463,2017-03-07 11:37:17
592,2017-03-07 12:01:09
478,2017-03-07 12:48:38
690,2017-03-07 14:36:47
500,2017-03-07 14:57:28
693,2017-03-07 16:21:30
458,2017-03-07 17:21:19
659,2017-03-07 17:39:50
427,2017-03-07 18:35:42
458,2017-03-07 18:48:50
492,2017-03-08 00:05:24
659,2017-03-08 11:02:05
690,2017-03-08 11:15:08
492,2017-03-08 11:32:46
512,2017-03-08 11:33:58
458,2017-03-08 12:37:06
629,2017-03-08 12:54:03
492,2017-03-08 13:29:32
697,2017-03-08 14:14:06
463,2017-03-08 14:24:07
393,2017-03-08 14:25:59
458,2017-03-08 14:42:12
682,2017-03-08 14:47:47
470,2017-03-08 15:44:45
592,2017-03-08 17:32:57
458,2017-03-08 18:18:04
442,2017-03-08 18:20:00
442,2017-03-08 18:22:24
691,2017-03-08 18:24:53
442,2017-03-08 18:29:13
691,2017-03-09 02:05:42
458,2017-03-09 12:25:06
654,2017-03-09 13:29:13
690,2017-03-09 14:44:20
556,2017-03-09 17:08:36
393,2017-03-10 01:20:19
492,2017-03-10 10:20:01
458,2017-03-10 10:56:12
427,2017-03-10 11:22:08
698,2017-03-10 12:42:12
458,2017-03-10 17:15:08
458,2017-03-10 17:16:29
450,2017-03-10 17:31:04
458,2017-03-10 18:41:26
492,2017-03-10 18:50:41
592,2017-03-11 10:09:21
646,2017-03-11 10:50:08
592,2017-03-11 10:53:46
458,2017-03-11 10:57:24
458,2017-03-11 10:57:30
458,2017-03-11 10:57:40
629,2017-03-11 11:07:20
466,2017-03-11 11:10:12
458,2017-03-11 11:18:30
697,2017-03-11 12:14:41
492,2017-03-11 12:26:03
458,2017-03-11 15:05:56
478,2017-03-11 15:42:39
691,2017-03-11 18:48:03
592,2017-03-11 21:44:26
691,2017-03-12 13:27:03
492,2017-03-14 11:45:59
458,2017-03-14 11:50:19
545,2017-03-14 12:31:32
492,2017-03-14 13:13:19
691,2017-03-14 13:52:23
451,2017-03-14 14:08:35
451,2017-03-14 14:24:02
695,2017-03-14 15:05:39
695,2017-03-14 15:24:33
693,2017-03-14 16:31:15
592,2017-03-14 17:12:36
592,2017-03-14 17:21:20
450,2017-03-15 10:38:28
691,2017-03-15 10:41:05
492,2017-03-15 11:29:04
458,2017-03-15 11:50:37
492,2017-03-15 11:56:16
492,2017-03-15 12:24:08
463,2017-03-15 12:29:08
492,2017-03-15 12:33:00
500,2017-03-15 12:40:48
492,2017-03-15 13:12:17
682,2017-03-15 13:16:13
682,2017-03-15 13:18:28
691,2017-03-15 13:18:40
682,2017-03-15 13:20:27
458,2017-03-15 13:24:56
419,2017-03-15 14:47:43
697,2017-03-15 15:22:44
691,2017-03-15 15:48:33
393,2017-03-15 23:18:40
458,2017-03-16 11:33:16
413,2017-03-16 15:27:47
682,2017-03-17 11:39:49
500,2017-03-17 11:46:39
500,2017-03-17 12:01:18
500,2017-03-17 12:16:31
556,2017-03-17 14:14:49
541,2017-03-17 14:18:20
500,2017-03-17 14:42:57
458,2017-03-17 15:15:00
458,2017-03-17 15:43:36
683,2017-03-17 15:43:37
592,2017-03-17 15:55:33
458,2017-03-17 16:00:23
592,2017-03-17 16:06:15
500,2017-03-17 16:27:41
691,2017-03-17 18:03:04
463,2017-03-17 18:46:36
592,2017-03-18 08:13:13
458,2017-03-18 16:20:40
695,2017-03-18 16:24:21
470,2017-03-18 16:45:32
466,2017-03-18 17:45:08
413,2017-03-18 18:22:50
458,2017-03-20 14:18:25
464,2017-03-20 14:42:42
492,2017-03-20 14:44:12
478,2017-03-20 17:27:40
393,2017-03-20 20:00:46
492,2017-03-21 11:23:02
458,2017-03-21 11:34:48
708,2017-03-21 14:18:41
458,2017-03-21 17:46:08
654,2017-03-21 17:47:58
458,2017-03-21 17:48:09
484,2017-03-22 10:59:47
458,2017-03-22 12:47:09
463,2017-03-22 13:29:52
711,2017-03-22 17:01:35
458,2017-03-22 17:01:53
413,2017-03-22 17:06:12
458,2017-03-22 17:35:24
413,2017-03-22 19:52:22
458,2017-03-23 10:44:08
592,2017-03-23 17:51:45
458,2017-03-24 13:12:59
536,2017-03-24 15:41:03
451,2017-03-24 16:04:38
463,2017-03-24 17:52:50
458,2017-03-25 10:55:19
710,2017-03-25 10:57:58
466,2017-03-25 11:55:46
691,2017-03-25 12:20:40
691,2017-03-25 12:35:22
492,2017-03-25 14:00:14
536,2017-03-25 15:11:29
478,2017-03-25 15:35:36
413,2017-03-25 15:57:33
492,2017-03-27 10:55:13
458,2017-03-27 11:30:50
715,2017-03-27 12:23:59
466,2017-03-28 10:47:38
492,2017-03-28 12:05:13
451,2017-03-28 13:14:56
458,2017-03-28 13:47:38
458,2017-03-28 13:56:14
711,2017-03-28 14:06:08
458,2017-03-28 14:26:07
696,2017-03-28 15:11:06
711,2017-03-29 11:52:11
718,2017-03-29 12:39:53
458,2017-03-29 15:11:18
720,2017-03-29 15:11:46
720,2017-03-29 16:34:09
492,2017-03-29 16:35:34
458,2017-03-30 13:08:25
492,2017-03-30 13:36:23
451,2017-03-30 14:02:15
711,2017-03-30 16:18:42
478,2017-03-30 18:31:26
393,2017-03-31 02:29:14
726,2017-03-31 12:16:32
458,2017-03-31 12:26:25
492,2017-03-31 12:36:04
492,2017-03-31 13:44:17
470,2017-03-31 14:01:36
500,2017-03-31 15:41:46
463,2017-04-01 07:40:20
458,2017-04-01 13:51:44
492,2017-04-01 14:53:22
735,2017-04-01 15:10:48
413,2017-04-01 16:32:07
466,2017-04-01 17:20:34
466,2017-04-01 17:50:40
466,2017-04-01 17:52:00
458,2017-04-03 11:23:20
492,2017-04-03 12:26:00
737,2017-04-03 16:35:37
458,2017-04-03 16:37:06
735,2017-04-03 17:09:09
458,2017-04-04 10:28:52
536,2017-04-04 11:50:40
500,2017-04-04 11:59:32
458,2017-04-04 12:16:20
737,2017-04-04 12:53:36
737,2017-04-04 13:00:42
466,2017-04-04 13:06:10
646,2017-04-04 13:36:52
682,2017-04-04 14:59:27
458,2017-04-04 15:52:37
726,2017-04-04 16:53:13
413,2017-04-04 17:05:13
458,2017-04-05 10:47:21
492,2017-04-05 14:53:30
557,2017-04-05 15:34:42
413,2017-04-05 17:11:00
458,2017-04-05 17:11:09
707,2017-04-05 19:21:42
738,2017-04-06 11:17:48
536,2017-04-06 11:27:01
458,2017-04-06 12:19:01
492,2017-04-06 14:05:17
458,2017-04-06 16:56:55
492,2017-04-06 18:00:56
592,2017-04-06 18:08:57
492,2017-04-06 18:10:04
478,2017-04-06 18:24:17
492,2017-04-06 18:25:37
592,2017-04-06 20:12:10
726,2017-04-07 10:54:13
592,2017-04-07 11:03:23
592,2017-04-07 11:07:14
682,2017-04-07 12:28:03
484,2017-04-07 12:38:13
466,2017-04-07 14:54:07
492,2017-04-07 15:13:04
737,2017-04-07 16:20:48
726,2017-04-07 17:09:29
691,2017-04-07 18:00:27
711,2017-04-07 18:52:21
466,2017-04-08 13:31:59
492,2017-04-10 11:29:20
393,2017-04-10 12:07:28
458,2017-04-10 12:09:52
541,2017-04-10 14:04:55
739,2017-04-10 15:09:10
458,2017-04-10 17:31:09
696,2017-04-10 20:57:36
458,2017-04-11 11:22:56
541,2017-04-11 11:55:05
492,2017-04-11 11:57:21
737,2017-04-11 12:09:20
492,2017-04-11 13:12:34
462,2017-04-12 15:19:12
462,2017-04-12 15:20:37
466,2017-04-12 15:20:42
462,2017-04-12 15:31:08
458,2017-04-12 16:24:47
458,2017-04-12 17:20:06
447,2017-04-12 17:29:48
458,2017-04-12 17:43:21
458,2017-04-12 18:30:00
458,2017-04-13 10:35:30
458,2017-04-13 10:56:23
458,2017-04-13 11:25:26
492,2017-04-14 11:25:37
463,2017-04-14 11:53:00
726,2017-04-14 12:03:24
413,2017-04-14 14:04:05
735,2017-04-14 14:28:05
458,2017-04-14 15:06:32
740,2017-04-14 15:21:52
484,2017-04-14 16:48:54
413,2017-04-14 23:39:23
462,2017-04-15 12:19:10
741,2017-04-15 13:24:04
458,2017-04-15 15:00:53
466,2017-04-15 15:25:57
711,2017-04-15 16:28:35
726,2017-04-15 16:35:08
711,2017-04-17 11:14:27
738,2017-04-18 12:25:47
458,2017-04-18 12:43:54
742,2017-04-18 15:44:23
458,2017-04-18 17:15:43
458,2017-04-19 12:16:12
478,2017-04-19 12:28:55
512,2017-04-19 12:59:56
492,2017-04-19 13:20:42
458,2017-04-19 17:22:10
458,2017-04-20 11:19:04
458,2017-04-20 11:40:35
492,2017-04-20 12:27:45
740,2017-04-20 13:06:04
458,2017-04-20 15:25:13
743,2017-04-20 16:57:44
458,2017-04-21 10:53:18
743,2017-04-21 15:48:37
492,2017-04-21 15:58:00
478,2017-04-21 16:20:42
745,2017-04-21 20:47:49
458,2017-04-22 11:30:28
652,2017-04-22 15:08:02
393,2017-04-22 15:09:13
746,2017-04-22 15:26:54
458,2017-04-22 17:52:05
738,2017-04-24 09:47:14
413,2017-04-24 13:02:27
413,2017-04-24 13:09:37
466,2017-04-24 13:23:05
458,2017-04-24 13:23:48
470,2017-04-24 14:29:21
443,2017-04-24 16:02:34
458,2017-04-24 16:12:31
726,2017-04-24 18:03:44
492,2017-04-24 18:06:30
747,2017-04-25 12:03:16
458,2017-04-25 12:15:17
500,2017-04-25 12:17:47
463,2017-04-25 12:20:42
450,2017-04-25 12:23:17
453,2017-04-25 14:13:18
463,2017-04-25 14:49:21
450,2017-04-25 14:50:02
458,2017-04-25 16:58:16
707,2017-04-26 11:48:28
458,2017-04-26 11:59:34
540,2017-04-26 12:00:06
492,2017-04-26 12:09:34
458,2017-04-26 12:12:16
707,2017-04-26 12:19:33
682,2017-04-26 13:08:26
750,2017-04-26 13:16:35
492,2017-04-26 14:43:58
711,2017-04-26 16:07:04
740,2017-04-26 16:44:56
458,2017-04-27 12:06:37
478,2017-04-27 14:51:03
492,2017-04-27 15:04:09
492,2017-04-27 15:08:09
492,2017-04-27 15:08:37
458,2017-04-28 12:43:53
751,2017-04-28 13:19:04
458,2017-04-28 15:57:02
752,2017-04-28 15:57:15
478,2017-04-28 16:08:18
711,2017-04-28 16:56:37
707,2017-04-28 18:16:32
458,2017-04-29 11:14:56
478,2017-04-29 11:24:54
492,2017-04-29 11:41:34
492,2017-04-29 11:54:02
492,2017-04-29 13:28:25
536,2017-04-29 14:40:32
492,2017-04-30 10:51:51
492,2017-04-30 11:18:52
458,2017-05-01 12:52:53
592,2017-05-01 12:55:13
463,2017-05-01 13:06:18
492,2017-05-01 15:03:42
752,2017-05-02 10:02:23
458,2017-05-02 10:56:30
492,2017-05-02 11:22:49
691,2017-05-02 11:34:44
752,2017-05-02 12:13:11
536,2017-05-02 12:43:32
492,2017-05-02 14:25:37
463,2017-05-02 14:26:30
458,2017-05-03 15:13:49
463,2017-05-03 15:30:46
458,2017-05-03 18:09:35
752,2017-05-04 13:35:35
463,2017-05-04 15:01:04
755,2017-05-04 16:26:06
413,2017-05-04 16:51:07
458,2017-05-04 19:02:18
492,2017-05-05 12:18:30
756,2017-05-05 13:46:08
470,2017-05-05 15:54:31
691,2017-05-05 15:55:13
428,2017-05-05 18:35:59
492,2017-05-05 19:15:00
691,2017-05-05 19:28:19
758,2017-05-05 19:39:49
716,2017-05-05 20:06:09
381,2017-05-05 20:10:33
682,2017-05-06 09:03:47
484,2017-05-06 10:34:53
458,2017-05-06 12:41:04
759,2017-05-06 14:04:27
759,2017-05-06 15:22:24
478,2017-05-06 16:22:47
458,2017-05-06 17:36:16
413,2017-05-06 17:54:16
690,2017-05-08 10:56:18
690,2017-05-08 10:57:43
690,2017-05-08 10:58:01
652,2017-05-08 16:17:31
458,2017-05-09 11:23:46
492,2017-05-09 14:41:21
478,2017-05-09 15:27:37
463,2017-05-09 18:20:41
646,2017-05-10 07:33:14
413,2017-05-10 11:05:48
458,2017-05-10 11:47:07
381,2017-05-10 21:53:41
765,2017-05-11 10:30:25
458,2017-05-11 11:04:10
592,2017-05-12 12:02:27
492,2017-05-12 13:54:28
463,2017-05-13 13:39:11
726,2017-05-13 13:45:42
505,2017-05-13 16:08:41
485,2017-05-13 18:30:44
492,2017-05-13 18:36:18
463,2017-05-13 19:04:15
592,2017-05-15 09:40:30
767,2017-05-15 11:25:48
413,2017-05-15 12:09:34
769,2017-05-15 23:34:21
458,2017-05-16 13:52:29
458,2017-05-16 15:31:28
458,2017-05-16 15:47:31
458,2017-05-16 15:50:06
466,2017-05-16 16:14:32
413,2017-05-16 16:17:28
466,2017-05-16 17:16:39
458,2017-05-17 12:34:36
458,2017-05-17 12:45:45
770,2017-05-17 16:50:58
536,2017-05-18 11:02:02
592,2017-05-18 11:35:12
505,2017-05-18 11:39:07
458,2017-05-18 12:17:34
512,2017-05-18 13:31:21
473,2017-05-18 16:36:47
473,2017-05-18 16:44:21
381,2017-05-18 22:42:15
466,2017-05-19 12:31:37
413,2017-05-19 15:23:02
592,2017-05-19 16:20:20
716,2017-05-19 18:11:07
492,2017-05-19 19:02:36
592,2017-05-20 18:12:19
592,2017-05-21 10:47:15
772,2017-05-22 15:25:19
536,2017-05-24 11:33:44
690,2017-05-25 12:19:44
413,2017-05-25 14:54:57
413,2017-05-25 15:42:35
466,2017-05-31 13:21:01
478,2017-05-31 16:08:46
592,2017-05-31 18:16:49
651,2017-05-31 18:18:01
492,2017-05-31 18:43:39
466,2017-06-01 11:32:06
413,2017-06-01 11:33:45
413,2017-06-01 11:45:07
592,2017-06-01 12:31:49
466,2017-06-01 17:32:48
776,2017-06-01 18:24:24
545,2017-06-01 18:53:50
746,2017-06-02 12:27:08
752,2017-06-02 13:13:58
592,2017-06-04 11:37:27
466,2017-06-05 12:25:58
413,2017-06-05 12:33:14
413,2017-06-05 13:31:19
443,2017-06-05 16:42:27
413,2017-06-05 16:43:23
413,2017-06-05 16:43:46
492,2017-06-05 17:55:13
711,2017-06-05 19:02:33
463,2017-06-06 11:10:45
458,2017-06-06 14:50:49
458,2017-06-06 14:51:57
711,2017-06-06 14:52:01
711,2017-06-06 15:27:38
413,2017-06-06 15:31:48
466,2017-06-06 17:03:26
484,2017-06-06 17:14:49
484,2017-06-06 17:15:34
463,2017-06-06 18:12:00
458,2017-06-07 11:33:36
458,2017-06-07 14:44:23
443,2017-06-07 16:18:59
779,2017-06-07 17:41:02
779,2017-06-07 17:50:55
450,2017-06-07 19:27:28
492,2017-06-07 19:32:56
592,2017-06-08 07:14:37
779,2017-06-08 12:14:41
443,2017-06-08 16:51:36
463,2017-06-08 16:55:28
492,2017-06-08 16:59:23
466,2017-06-08 17:09:00
492,2017-06-08 17:34:13
443,2017-06-08 18:47:16
381,2017-06-08 22:51:15
427,2017-06-09 13:49:06
759,2017-06-09 13:59:33
711,2017-06-09 15:15:08
492,2017-06-09 15:34:33
466,2017-06-09 16:00:54
740,2017-06-09 16:18:54
759,2017-06-09 16:22:30
629,2017-06-09 16:53:22
466,2017-06-10 01:47:02
776,2017-06-10 10:16:09
443,2017-06-10 15:03:44
457,2017-06-10 18:41:13
492,2017-06-10 19:14:36
752,2017-06-11 11:16:41
752,2017-06-11 11:22:06
413,2017-06-12 13:04:37
779,2017-06-12 16:28:21
466,2017-06-13 13:20:21
466,2017-06-13 14:03:27
779,2017-06-13 15:57:54
492,2017-06-13 16:20:06
492,2017-06-13 17:17:23
425,2017-06-13 17:33:29
492,2017-06-13 18:07:45
474,2017-06-13 18:37:39
748,2017-06-14 11:53:35
466,2017-06-14 12:27:11
457,2017-06-14 12:28:11
492,2017-06-14 14:42:12
785,2017-06-16 12:47:35
492,2017-06-16 18:15:01
443,2017-06-16 18:26:47
492,2017-06-17 11:38:54
786,2017-06-17 12:46:47
754,2017-06-17 12:57:30
786,2017-06-17 13:11:25
786,2017-06-17 14:58:22
754,2017-06-17 15:21:52
754,2017-06-17 15:49:46
787,2017-06-17 16:44:36
787,2017-06-17 16:46:20
754,2017-06-17 17:48:53
754,2017-06-17 18:26:36
786,2017-06-17 20:07:59
788,2017-06-17 21:42:18
492,2017-06-19 11:19:28
786,2017-06-19 12:12:21
789,2017-06-19 13:04:42
443,2017-06-19 14:56:44
443,2017-06-19 15:11:49
754,2017-06-19 15:35:10
789,2017-06-19 16:58:49
466,2017-06-19 17:43:09
790,2017-06-19 17:57:39
463,2017-06-20 13:00:46
463,2017-06-20 13:08:37
787,2017-06-20 13:30:19
787,2017-06-20 13:36:58
791,2017-06-20 14:03:57
463,2017-06-20 14:05:52
463,2017-06-20 15:03:59
463,2017-06-20 15:07:36
463,2017-06-20 15:13:38
792,2017-06-20 15:38:24
463,2017-06-20 16:52:51
793,2017-06-20 17:57:42
466,2017-06-20 18:03:11
794,2017-06-20 18:11:42
786,2017-06-20 18:14:07
492,2017-06-20 18:54:30
468,2017-06-21 09:45:42
463,2017-06-21 11:03:50
793,2017-06-21 11:54:46
466,2017-06-21 12:54:52
793,2017-06-21 14:20:08
795,2017-06-21 14:38:06
463,2017-06-21 15:15:52
795,2017-06-21 15:22:11
463,2017-06-21 15:33:41
463,2017-06-21 16:26:31
463,2017-06-21 16:47:56
443,2017-06-21 17:01:25
793,2017-06-21 17:57:41
492,2017-06-21 18:10:58
789,2017-06-21 18:16:49
796,2017-06-21 20:47:47
793,2017-06-22 09:53:17
463,2017-06-22 10:24:37
463,2017-06-22 11:44:00
492,2017-06-22 12:18:53
797,2017-06-22 12:26:31
413,2017-06-22 12:36:30
540,2017-06-22 12:48:19
463,2017-06-22 13:10:50
536,2017-06-22 15:34:27
457,2017-06-22 17:52:56
738,2017-06-22 18:21:23
443,2017-06-22 18:40:41
738,2017-06-22 18:41:18
796,2017-06-22 19:25:26
738,2017-06-23 10:45:50
463,2017-06-23 11:04:05
492,2017-06-23 12:07:11
457,2017-06-23 12:30:26
540,2017-06-23 12:36:06
463,2017-06-23 14:52:45
466,2017-06-23 15:34:40
463,2017-06-23 16:13:50
463,2017-06-23 16:59:40
796,2017-06-23 17:14:13
798,2017-06-23 18:04:01
463,2017-06-23 18:23:22
443,2017-06-23 18:39:53
443,2017-06-23 19:03:29
468,2017-06-24 09:02:27
463,2017-06-24 10:25:54
796,2017-06-24 10:37:20
463,2017-06-24 10:53:23
799,2017-06-24 12:06:11
492,2017-06-24 12:10:05
592,2017-06-24 13:06:57
413,2017-06-24 14:54:02
463,2017-06-24 15:30:32
478,2017-06-24 15:35:02
466,2017-06-24 15:44:26
474,2017-06-24 16:25:06
447,2017-06-24 17:39:04
682,2017-06-25 11:27:16
592,2017-06-25 11:45:22
592,2017-06-25 13:40:12
468,2017-06-26 08:56:16
413,2017-06-26 10:57:16
492,2017-06-26 11:22:58
457,2017-06-26 11:40:14
759,2017-06-26 12:01:40
682,2017-06-26 16:18:09
682,2017-06-26 16:22:25
463,2017-06-26 17:20:56
484,2017-06-26 17:43:45
789,2017-06-26 18:20:10
443,2017-06-26 18:27:55
492,2017-06-26 19:05:22
789,2017-06-26 20:24:34
512,2017-06-27 11:20:22
492,2017-06-27 11:20:34
512,2017-06-27 11:32:48
492,2017-06-27 12:00:15
492,2017-06-27 14:01:17
789,2017-06-27 17:33:20
592,2017-06-28 08:04:45
512,2017-06-28 10:37:16
800,2017-06-28 12:55:03
492,2017-06-28 13:16:56
512,2017-06-28 15:15:27
795,2017-06-28 15:23:55
690,2017-06-28 16:02:28
690,2017-06-28 16:04:33
801,2017-06-28 16:13:42
802,2017-06-28 18:18:38
754,2017-06-28 18:43:52
754,2017-06-28 19:02:39
754,2017-06-28 19:06:07
754,2017-06-28 19:36:37
754,2017-06-28 19:56:43
754,2017-06-28 20:00:41
536,2017-06-29 09:51:09
795,2017-06-29 12:18:22
592,2017-06-29 14:29:55
803,2017-06-29 14:48:34
803,2017-06-29 14:53:40
443,2017-06-29 17:50:24
804,2017-06-29 21:56:33
804,2017-06-29 21:57:57
804,2017-06-29 21:58:26
804,2017-06-29 21:59:53
804,2017-06-29 22:00:06
804,2017-06-29 22:00:57
804,2017-06-29 22:07:36
804,2017-06-29 22:31:18
804,2017-06-29 22:36:24
804,2017-06-29 22:36:39
804,2017-06-29 22:39:43
805,2017-06-30 12:21:27
806,2017-06-30 12:24:16
795,2017-06-30 13:07:40
804,2017-06-30 13:08:11
804,2017-06-30 14:13:20
716,2017-06-30 19:19:43
800,2017-07-01 12:12:06
512,2017-07-01 12:18:24
807,2017-07-01 12:36:06
808,2017-07-01 12:46:19
492,2017-07-01 13:25:54
691,2017-07-01 15:48:56
691,2017-07-01 15:50:48
592,2017-07-02 09:07:47
691,2017-07-02 09:55:41
691,2017-07-02 09:59:28
691,2017-07-02 10:06:13
691,2017-07-02 14:11:55
512,2017-07-03 10:36:45
691,2017-07-03 10:59:33
810,2017-07-03 11:00:49
808,2017-07-03 12:22:09
811,2017-07-03 12:32:59
812,2017-07-03 12:48:23
691,2017-07-03 13:08:40
540,2017-07-03 13:48:19
691,2017-07-03 14:01:50
813,2017-07-03 14:16:04
814,2017-07-03 16:07:08
463,2017-07-03 16:17:48
691,2017-07-03 16:40:13
801,2017-07-03 16:40:50
592,2017-07-03 19:20:35
492,2017-07-03 19:26:35
691,2017-07-04 10:47:15
756,2017-07-04 11:34:08
682,2017-07-04 11:46:58
815,2017-07-04 12:18:46
801,2017-07-04 12:42:34
691,2017-07-04 13:12:05
816,2017-07-04 14:09:13
754,2017-07-04 14:14:12
817,2017-07-04 14:58:14
816,2017-07-04 16:02:12
536,2017-07-04 17:20:10
413,2017-07-04 18:05:04
816,2017-07-04 23:12:10
512,2017-07-05 10:30:47
819,2017-07-05 11:27:46
795,2017-07-05 11:31:39
819,2017-07-05 11:33:10
798,2017-07-05 11:38:22
808,2017-07-05 12:36:38
691,2017-07-05 12:46:39
754,2017-07-05 12:47:59
805,2017-07-05 14:48:45
809,2017-07-05 15:08:06
512,2017-07-05 16:37:36
816,2017-07-05 17:29:00
711,2017-07-05 18:17:39
463,2017-07-05 18:34:32
754,2017-07-05 18:58:57
691,2017-07-05 19:08:18
592,2017-07-05 19:09:53
805,2017-07-05 19:26:02
691,2017-07-05 22:34:44
798,2017-07-06 08:40:44
816,2017-07-06 11:26:51
682,2017-07-06 11:52:40
809,2017-07-06 12:20:06
808,2017-07-06 12:20:41
536,2017-07-06 12:59:29
492,2017-07-06 14:15:15
463,2017-07-06 14:40:47
492,2017-07-06 14:52:23
463,2017-07-06 15:53:37
466,2017-07-06 16:05:03
463,2017-07-06 16:08:31
798,2017-07-06 18:42:20
592,2017-07-07 09:58:22
512,2017-07-07 11:03:44
492,2017-07-07 14:36:29
798,2017-07-07 14:47:35
798,2017-07-07 14:50:57
820,2017-07-07 16:02:02
798,2017-07-08 07:47:41
805,2017-07-08 09:36:24
776,2017-07-08 10:10:54
592,2017-07-08 10:21:13
466,2017-07-08 11:56:18
536,2017-07-08 11:58:00
536,2017-07-08 12:07:47
492,2017-07-08 12:18:54
536,2017-07-08 12:41:06
798,2017-07-08 15:24:21
821,2017-07-08 16:55:13
536,2017-07-08 17:02:04
492,2017-07-08 18:25:38
381,2017-07-08 21:58:30
817,2017-07-09 12:16:23
659,2017-07-10 10:39:06
512,2017-07-10 10:50:22
512,2017-07-10 10:55:59
822,2017-07-10 12:11:01
492,2017-07-10 13:10:12
691,2017-07-10 13:36:44
413,2017-07-10 14:39:36
823,2017-07-10 15:32:15
472,2017-07-10 17:16:18
592,2017-07-11 10:55:19
776,2017-07-11 12:36:15
824,2017-07-11 12:45:56
793,2017-07-11 12:53:37
536,2017-07-11 12:55:25
484,2017-07-11 13:05:03
512,2017-07-11 14:18:34
466,2017-07-11 15:24:50
822,2017-07-11 16:00:22
512,2017-07-11 18:18:58
592,2017-07-11 19:05:34
484,2017-07-11 19:10:46
427,2017-07-12 01:09:26
512,2017-07-12 11:33:13
466,2017-07-12 11:37:42
798,2017-07-12 11:50:44
783,2017-07-12 12:51:06
492,2017-07-12 12:55:39
492,2017-07-12 13:23:59
826,2017-07-12 13:43:06
478,2017-07-12 14:17:20
512,2017-07-12 14:39:28
778,2017-07-12 14:40:54
778,2017-07-12 14:46:34
778,2017-07-12 14:47:32
778,2017-07-12 14:56:36
776,2017-07-12 15:48:26
492,2017-07-12 16:08:50
824,2017-07-12 17:02:43
827,2017-07-12 17:58:34
690,2017-07-13 10:45:54
690,2017-07-13 10:57:06
789,2017-07-13 11:08:29
690,2017-07-13 11:15:52
690,2017-07-13 11:16:33
690,2017-07-13 11:20:08
413,2017-07-13 11:58:45
828,2017-07-13 12:19:01
512,2017-07-13 12:42:24
484,2017-07-13 13:47:06
512,2017-07-13 13:50:48
829,2017-07-13 14:21:18
802,2017-07-13 14:47:47
512,2017-07-13 15:29:40
828,2017-07-13 15:42:24
462,2017-07-13 15:52:18
462,2017-07-13 16:10:35
512,2017-07-14 11:02:35
512,2017-07-14 12:00:26
536,2017-07-14 13:21:03
512,2017-07-14 14:00:18
512,2017-07-14 14:22:48
830,2017-07-14 14:24:36
831,2017-07-14 14:35:08
492,2017-07-14 14:36:50
831,2017-07-14 14:46:14
512,2017-07-14 15:47:37
832,2017-07-14 17:42:31
832,2017-07-14 17:48:45
833,2017-07-14 18:12:41
466,2017-07-14 23:59:51
512,2017-07-15 10:30:02
720,2017-07-15 10:52:07
462,2017-07-15 12:43:52
462,2017-07-15 13:05:05
462,2017-07-15 13:06:18
462,2017-07-15 13:19:08
759,2017-07-15 13:53:01
462,2017-07-15 16:39:11
592,2017-07-15 18:25:54
592,2017-07-15 19:51:11
592,2017-07-16 09:23:52
834,2017-07-17 09:29:22
832,2017-07-17 10:44:02
798,2017-07-17 11:29:43
691,2017-07-17 11:43:43
462,2017-07-17 12:03:23
462,2017-07-17 12:04:13
484,2017-07-17 12:08:19
832,2017-07-17 12:13:40
462,2017-07-17 12:30:36
462,2017-07-17 12:43:46
759,2017-07-17 13:02:17
462,2017-07-17 13:45:24
691,2017-07-17 14:03:02
798,2017-07-17 14:15:38
492,2017-07-17 15:06:06
512,2017-07-17 15:27:56
413,2017-07-17 15:43:32
835,2017-07-17 16:58:27
592,2017-07-17 18:00:39
393,2017-07-17 18:42:05
720,2017-07-18 09:30:48
413,2017-07-18 10:46:45
512,2017-07-18 11:11:41
789,2017-07-18 11:15:58
413,2017-07-18 11:36:53
413,2017-07-18 12:07:50
836,2017-07-18 12:24:46
466,2017-07-18 14:13:10
466,2017-07-18 17:33:56
512,2017-07-19 09:42:23
820,2017-07-19 12:24:22
837,2017-07-19 13:16:06
466,2017-07-19 16:19:49
413,2017-07-19 16:34:53
691,2017-07-20 11:15:46
565,2017-07-20 11:37:23
691,2017-07-20 11:54:38
839,2017-07-20 12:20:37
413,2017-07-20 12:30:08
413,2017-07-20 12:32:23
413,2017-07-20 12:34:03
413,2017-07-20 12:49:45
752,2017-07-20 13:05:54
832,2017-07-20 15:11:17
840,2017-07-20 16:40:08
839,2017-07-21 13:22:29
691,2017-07-21 13:46:14
838,2017-07-21 16:27:43
838,2017-07-21 16:39:39
842,2017-07-21 17:48:21
413,2017-07-22 12:21:05
413,2017-07-22 12:21:06
492,2017-07-22 15:51:33
843,2017-07-22 17:11:31
842,2017-07-22 18:04:41
844,2017-07-23 11:39:38
845,2017-07-23 14:55:00
512,2017-07-24 10:20:19
492,2017-07-24 17:19:52
826,2017-07-24 17:21:48
492,2017-07-24 18:40:43
492,2017-07-24 18:44:42
838,2017-07-24 18:57:25
512,2017-07-25 11:21:07
826,2017-07-25 11:42:02
536,2017-07-25 12:24:51
536,2017-07-25 12:46:11
536,2017-07-25 12:53:54
536,2017-07-25 12:58:05
536,2017-07-25 13:06:39
847,2017-07-25 13:27:45
846,2017-07-25 13:38:37
846,2017-07-25 14:00:12
413,2017-07-25 14:45:05
848,2017-07-25 15:16:41
413,2017-07-25 18:16:29
835,2017-07-26 14:58:05
413,2017-07-26 15:09:41
850,2017-07-26 15:30:50
849,2017-07-26 15:41:06
413,2017-07-26 15:42:56
849,2017-07-26 16:21:54
413,2017-07-26 16:25:27
646,2017-07-26 20:23:40
413,2017-07-27 11:02:15
852,2017-07-27 12:26:18
849,2017-07-27 12:45:20
536,2017-07-27 13:20:14
853,2017-07-27 13:30:20
413,2017-07-27 14:17:28
536,2017-07-27 14:50:18
536,2017-07-27 15:07:10
691,2017-07-27 16:40:50
512,2017-07-28 09:22:49
854,2017-07-28 11:29:30
413,2017-07-28 11:32:04
413,2017-07-28 11:33:57
854,2017-07-28 14:39:58
855,2017-07-28 14:39:59
849,2017-07-28 15:41:11
789,2017-07-28 18:21:55
462,2017-07-29 11:59:26
462,2017-07-29 12:01:52
857,2017-07-29 12:06:33
857,2017-07-29 12:09:37
413,2017-07-29 12:22:53
849,2017-07-29 14:53:14
859,2017-07-29 15:29:11
826,2017-07-29 15:30:40
413,2017-07-29 17:07:59
462,2017-07-29 17:42:11
462,2017-07-29 17:43:08
462,2017-07-29 17:49:46
413,2017-07-31 13:45:44
413,2017-07-31 13:46:40
849,2017-07-31 16:22:27
413,2017-07-31 16:25:37
861,2017-07-31 16:36:00
565,2017-07-31 17:11:54
691,2017-08-01 10:26:23
413,2017-08-01 10:29:12
789,2017-08-01 11:11:31
691,2017-08-01 11:15:50
776,2017-08-01 14:16:06
789,2017-08-01 14:44:08
413,2017-08-01 15:23:27
565,2017-08-01 19:08:12
776,2017-08-02 09:34:00
691,2017-08-02 12:43:17
826,2017-08-02 13:33:10
565,2017-08-02 14:31:22
861,2017-08-02 14:59:40
413,2017-08-02 15:28:41
789,2017-08-02 15:56:11
462,2017-08-02 17:00:50
462,2017-08-02 17:01:21
462,2017-08-02 17:02:21
462,2017-08-02 17:02:42
462,2017-08-02 17:03:25
462,2017-08-02 17:37:09
849,2017-08-02 18:50:15
863,2017-08-03 11:29:38
801,2017-08-03 12:03:48
865,2017-08-03 17:40:04
413,2017-08-03 18:35:13
867,2017-08-04 12:30:45
463,2017-08-04 13:17:50
413,2017-08-04 14:18:30
691,2017-08-04 17:00:11
868,2017-08-05 11:44:21
869,2017-08-05 13:49:24
870,2017-08-05 16:43:11
870,2017-08-05 16:43:12
870,2017-08-05 16:45:10
870,2017-08-05 16:46:48
870,2017-08-05 17:03:58
870,2017-08-05 17:13:52
870,2017-08-05 17:14:21
870,2017-08-05 17:16:08
870,2017-08-05 17:16:56
870,2017-08-05 17:18:28
870,2017-08-05 17:34:11
413,2017-08-05 23:18:06
872,2017-08-08 11:11:47
690,2017-08-08 12:59:55
849,2017-08-08 13:16:43
691,2017-08-08 13:28:00
691,2017-08-08 13:38:46
849,2017-08-08 13:40:30
413,2017-08-08 14:18:29
462,2017-08-08 15:09:36
462,2017-08-08 15:13:10
690,2017-08-09 09:58:32
492,2017-08-09 11:58:54
873,2017-08-09 12:33:51
789,2017-08-09 13:55:43
468,2017-08-09 14:17:36
874,2017-08-09 14:37:39
478,2017-08-09 15:11:50
875,2017-08-09 15:28:00
413,2017-08-09 16:16:34
876,2017-08-09 16:29:51
468,2017-08-09 17:38:20
691,2017-08-09 17:57:12
468,2017-08-10 11:28:30
877,2017-08-10 15:44:41
691,2017-08-10 17:11:18
478,2017-08-10 17:19:55
478,2017-08-10 17:57:10
691,2017-08-11 14:56:09
878,2017-08-11 15:05:35
691,2017-08-11 15:18:38
413,2017-08-11 16:23:51
879,2017-08-11 17:28:01
468,2017-08-11 18:00:49
453,2017-08-12 11:29:22
413,2017-08-12 12:16:31
413,2017-08-12 12:24:25
880,2017-08-12 12:54:20
413,2017-08-14 11:27:01
881,2017-08-14 12:01:43
849,2017-08-14 12:17:49
413,2017-08-14 13:07:46
882,2017-08-14 16:06:08
413,2017-08-14 19:50:10
413,2017-08-14 20:01:25
413,2017-08-14 21:47:45
413,2017-08-16 07:26:34
413,2017-08-16 10:33:12
413,2017-08-16 12:27:35
877,2017-08-16 13:03:09
882,2017-08-16 15:18:15
884,2017-08-16 15:42:00
884,2017-08-16 15:47:47
672,2017-08-16 16:12:37
885,2017-08-16 16:48:08
886,2017-08-16 16:59:38
886,2017-08-16 17:48:26
691,2017-08-16 22:46:07
885,2017-08-17 11:33:41
887,2017-08-17 15:48:50
887,2017-08-17 15:49:53
877,2017-08-17 17:14:58
887,2017-08-17 17:46:53
871,2017-08-17 18:21:26
888,2017-08-17 18:48:52
888,2017-08-17 20:23:17
492,2017-08-18 11:12:34
826,2017-08-18 11:17:36
512,2017-08-18 11:51:49
413,2017-08-18 12:31:23
886,2017-08-18 17:49:28
413,2017-08-18 18:01:51
886,2017-08-18 18:04:35
886,2017-08-18 18:08:43
889,2017-08-18 19:06:17
890,2017-08-18 19:30:18
890,2017-08-18 22:05:01
413,2017-08-18 22:58:46
413,2017-08-19 09:08:19
413,2017-08-19 10:22:01
592,2017-08-19 11:22:49
462,2017-08-19 11:42:27
462,2017-08-19 11:54:48
891,2017-08-19 12:39:57
413,2017-08-19 12:42:37
462,2017-08-19 12:48:47
462,2017-08-19 12:51:30
478,2017-08-19 12:52:59
462,2017-08-19 12:53:51
525,2017-08-19 13:25:55
413,2017-08-19 13:28:42
413,2017-08-19 13:41:42
525,2017-08-19 13:45:34
525,2017-08-19 13:55:13
413,2017-08-19 13:55:58
492,2017-08-19 14:19:12
525,2017-08-19 14:52:34
462,2017-08-19 14:59:38
462,2017-08-19 15:01:05
413,2017-08-19 15:03:30
413,2017-08-19 15:03:30
462,2017-08-19 15:08:18
462,2017-08-19 15:10:24
462,2017-08-19 15:15:52
462,2017-08-19 15:21:17
462,2017-08-19 15:22:14
462,2017-08-19 15:22:38
492,2017-08-19 17:05:12
525,2017-08-19 17:43:45
525,2017-08-19 17:53:57
413,2017-08-20 20:28:45
450,2017-08-21 13:05:08
450,2017-08-21 13:19:41
450,2017-08-21 14:29:40
893,2017-08-21 16:31:27
894,2017-08-21 17:33:53
894,2017-08-21 17:47:31
882,2017-08-21 18:08:42
413,2017-08-21 18:29:29
413,2017-08-21 18:33:00
413,2017-08-22 08:34:46
413,2017-08-22 08:34:47
413,2017-08-22 08:36:13
894,2017-08-22 11:01:24
896,2017-08-22 14:05:10
896,2017-08-22 14:05:10
413,2017-08-22 14:39:44
889,2017-08-22 17:21:16
413,2017-08-23 11:32:55
1005,2017-08-23 15:43:47
505,2017-08-23 16:45:22
882,2017-08-23 18:19:30
492,2017-08-23 18:53:04
882,2017-08-24 11:34:14
882,2017-08-24 11:39:13
505,2017-08-24 11:44:06
759,2017-08-24 11:56:52
505,2017-08-24 12:04:07
1006,2017-08-24 12:36:55
1007,2017-08-24 12:42:58
1009,2017-08-24 14:37:46
413,2017-08-24 14:43:51
492,2017-08-24 15:05:42
413,2017-08-24 15:32:35
882,2017-08-24 15:38:48
512,2017-08-24 16:35:44
413,2017-08-25 11:13:14
1010,2017-08-25 11:30:25
882,2017-08-25 12:38:41
1011,2017-08-25 13:24:51
759,2017-08-25 13:26:42
882,2017-08-25 14:18:16
464,2017-08-25 14:27:24
413,2017-08-25 14:33:01
492,2017-08-25 14:34:31
464,2017-08-25 17:48:56
413,2017-08-25 22:45:33
876,2017-08-26 14:03:45
826,2017-08-26 15:12:25
841,2017-08-26 16:00:59
841,2017-08-26 18:55:33
413,2017-08-28 10:24:09
1007,2017-08-28 11:32:28
890,2017-08-28 13:12:52
895,2017-08-28 13:29:57
413,2017-08-28 17:20:40
1016,2017-08-28 17:25:33
413,2017-08-28 17:58:15
413,2017-08-28 17:59:43
1018,2017-08-29 11:56:29
882,2017-08-29 14:22:44
882,2017-08-29 14:27:45
505,2017-08-29 14:30:41
500,2017-08-29 14:41:15
1019,2017-08-29 16:58:36
478,2017-08-29 17:35:29
413,2017-08-29 17:40:02
450,2017-08-29 18:02:10
1020,2017-08-30 11:28:45
413,2017-08-30 14:11:53
690,2017-08-30 14:17:03
690,2017-08-30 14:17:04
450,2017-08-30 16:25:19
1022,2017-08-30 16:29:20
505,2017-08-31 11:46:10
882,2017-08-31 11:49:50
826,2017-09-01 13:17:42
492,2017-09-01 13:17:51
1025,2017-09-01 13:24:22
1025,2017-09-01 13:31:54
1025,2017-09-01 13:38:30
849,2017-09-01 15:45:38
478,2017-09-01 16:45:01
478,2017-09-01 16:45:02
478,2017-09-01 16:45:05
1026,2017-09-01 18:15:57
413,2017-09-02 12:29:39
1028,2017-09-02 18:25:39
413,2017-09-02 18:31:24
841,2017-09-04 02:23:24
463,2017-09-04 11:11:35
1020,2017-09-04 11:44:21
505,2017-09-04 11:58:07
1029,2017-09-04 12:04:53
878,2017-09-04 12:06:02
882,2017-09-04 12:14:35
512,2017-09-04 12:44:03
512,2017-09-04 15:17:15
492,2017-09-04 15:59:57
826,2017-09-04 16:00:29
826,2017-09-04 16:00:29
1030,2017-09-04 16:02:22
838,2017-09-05 10:50:24
463,2017-09-05 11:31:16
691,2017-09-05 11:42:09
838,2017-09-05 11:44:17
1031,2017-09-05 11:59:59
505,2017-09-05 12:36:14
1032,2017-09-05 12:38:38
1033,2017-09-05 12:52:07
838,2017-09-05 13:02:10
442,2017-09-05 14:42:58
442,2017-09-05 14:52:24
462,2017-09-05 15:09:01
442,2017-09-05 15:23:53
442,2017-09-05 15:27:20
462,2017-09-05 15:29:50
462,2017-09-05 15:34:49
442,2017-09-05 15:40:48
442,2017-09-05 15:42:54
442,2017-09-05 15:44:10
1034,2017-09-05 15:52:50
1034,2017-09-05 15:57:56
1025,2017-09-05 16:13:18
882,2017-09-05 16:15:29
1034,2017-09-05 16:18:23
1034,2017-09-05 16:57:30
1034,2017-09-05 18:05:45
413,2017-09-05 20:51:23
413,2017-09-06 08:54:49
413,2017-09-06 08:56:41
413,2017-09-06 09:00:08
466,2017-09-06 09:08:01
466,2017-09-06 09:09:48
466,2017-09-06 09:24:15
466,2017-09-06 09:24:28
512,2017-09-06 10:23:16
1034,2017-09-06 10:45:06
413,2017-09-06 10:47:30
878,2017-09-06 10:49:28
878,2017-09-06 10:49:30
413,2017-09-06 11:01:45
463,2017-09-06 11:04:11
882,2017-09-06 11:07:42
878,2017-09-06 11:11:46
505,2017-09-06 11:14:41
882,2017-09-06 11:27:29
850,2017-09-06 13:09:57
850,2017-09-06 13:13:33
1036,2017-09-06 13:23:39
826,2017-09-06 14:27:34
492,2017-09-06 14:28:00
826,2017-09-06 14:28:23
850,2017-09-06 14:33:44
850,2017-09-06 14:33:45
413,2017-09-06 14:38:29
1036,2017-09-06 14:44:54
413,2017-09-06 15:14:01
850,2017-09-06 15:30:50
850,2017-09-06 15:30:50
838,2017-09-06 15:35:18
1038,2017-09-06 15:45:10
878,2017-09-06 16:26:19
1039,2017-09-06 16:37:05
878,2017-09-06 16:43:37
413,2017-09-06 16:46:07
413,2017-09-06 16:52:18
413,2017-09-06 17:37:45
830,2017-09-06 17:39:48
413,2017-09-06 18:30:41
466,2017-09-06 18:33:53
478,2017-09-06 18:49:46
413,2017-09-06 19:06:35
882,2017-09-07 10:54:26
1036,2017-09-07 11:11:55
478,2017-09-07 11:18:38
1040,2017-09-07 11:59:52
413,2017-09-07 12:08:20
862,2017-09-07 12:12:10
413,2017-09-07 12:58:04
1040,2017-09-07 14:04:53
413,2017-09-07 14:09:03
1040,2017-09-07 14:11:31
1042,2017-09-07 14:46:55
413,2017-09-07 14:56:52
850,2017-09-07 15:00:27
850,2017-09-07 15:00:27
850,2017-09-07 15:01:11
1043,2017-09-07 15:05:20
413,2017-09-07 15:07:36
466,2017-09-07 15:16:49
413,2017-09-07 15:23:13
882,2017-09-07 15:24:03
466,2017-09-07 15:32:13
466,2017-09-07 16:00:31
413,2017-09-07 16:17:54
466,2017-09-07 16:20:38
466,2017-09-07 16:23:20
413,2017-09-07 16:53:50
466,2017-09-07 16:54:50
1045,2017-09-07 17:17:13
466,2017-09-07 19:39:27
413,2017-09-07 19:40:36
1046,2017-09-07 20:03:36
1046,2017-09-07 20:08:07
413,2017-09-08 10:35:03
466,2017-09-08 11:03:05
1047,2017-09-08 11:41:50
1048,2017-09-08 12:29:04
466,2017-09-08 12:42:50
882,2017-09-08 15:16:34
1049,2017-09-08 16:44:06
1034,2017-09-08 17:19:26
466,2017-09-08 17:51:20
466,2017-09-08 18:16:20
466,2017-09-08 19:05:58
466,2017-09-09 00:54:40
413,2017-09-09 06:37:45
1050,2017-09-09 11:24:38
882,2017-09-09 11:52:45
463,2017-09-09 12:11:48
463,2017-09-09 12:18:34
1034,2017-09-09 12:38:18
838,2017-09-09 13:15:54
869,2017-09-09 14:29:18
505,2017-09-09 14:40:45
450,2017-09-09 17:15:50
450,2017-09-09 17:15:56
450,2017-09-09 17:15:56
450,2017-09-09 17:16:01
450,2017-09-09 17:16:01
450,2017-09-09 17:16:02
882,2017-09-10 22:49:30
882,2017-09-11 10:36:35
413,2017-09-11 11:28:20
1034,2017-09-11 13:37:10
1034,2017-09-11 13:37:42
1034,2017-09-11 13:38:05
1034,2017-09-11 13:39:37
1051,2017-09-11 14:03:51
413,2017-09-11 16:30:01
463,2017-09-11 17:04:45
443,2017-09-11 17:33:14
1025,2017-09-12 11:25:59
1025,2017-09-12 11:26:36
1052,2017-09-12 12:09:12
413,2017-09-12 12:52:06
478,2017-09-12 13:08:59
478,2017-09-12 13:09:03
478,2017-09-12 13:09:04
882,2017-09-12 13:10:59
492,2017-09-12 13:38:36
492,2017-09-12 13:57:14
472,2017-09-12 14:22:55
1053,2017-09-12 14:33:34
789,2017-09-12 14:56:16
1054,2017-09-12 16:00:49
413,2017-09-12 16:17:35
500,2017-09-12 17:55:52
466,2017-09-12 18:08:08
1034,2017-09-12 18:42:00
449,2017-09-12 22:35:09
450,2017-09-13 10:51:19
505,2017-09-13 12:14:06
826,2017-09-13 12:29:58
457,2017-09-13 13:10:27
882,2017-09-13 13:37:36
882,2017-09-13 14:41:59
1056,2017-09-13 16:00:38
492,2017-09-13 16:59:55
457,2017-09-13 17:48:38
413,2017-09-14 10:23:36
413,2017-09-14 10:23:38
505,2017-09-14 12:03:07
1057,2017-09-14 12:11:37
882,2017-09-14 13:41:15
463,2017-09-14 14:51:49
1059,2017-09-14 16:09:47
413,2017-09-14 16:26:18
1055,2017-09-14 17:06:45
413,2017-09-14 17:19:19
413,2017-09-14 17:20:16
413,2017-09-14 17:21:37
413,2017-09-14 17:24:04
413,2017-09-14 18:11:40
443,2017-09-14 18:20:46
413,2017-09-15 11:22:22
457,2017-09-15 12:55:55
512,2017-09-15 14:46:43
413,2017-09-15 15:12:46
1060,2017-09-15 16:38:15
691,2017-09-15 17:43:21
478,2017-09-15 18:00:19
1061,2017-09-16 11:29:30
882,2017-09-16 12:27:23
882,2017-09-16 14:44:37
1019,2017-09-16 17:23:15
1062,2017-09-16 17:23:53
1019,2017-09-16 17:35:02
413,2017-09-16 18:06:24
1019,2017-09-16 18:26:04
802,2017-09-16 19:07:28
1061,2017-09-17 20:28:58
413,2017-09-18 10:37:31
1050,2017-09-18 12:20:09
1050,2017-09-18 12:22:32
1063,2017-09-18 12:37:38
802,2017-09-18 12:54:31
1064,2017-09-18 12:55:32
505,2017-09-18 14:15:21
463,2017-09-18 15:37:53
878,2017-09-18 15:59:12
882,2017-09-18 18:24:26
1065,2017-09-18 20:22:14
1065,2017-09-18 20:40:18
878,2017-09-19 10:56:23
450,2017-09-19 11:35:49
463,2017-09-19 12:29:16
500,2017-09-19 14:52:57
413,2017-09-19 15:03:09
453,2017-09-19 15:57:58
882,2017-09-19 16:10:37
464,2017-09-19 16:51:10
464,2017-09-19 16:52:08
453,2017-09-19 17:33:26
802,2017-09-19 19:48:21
1059,2017-09-20 12:07:58
882,2017-09-20 12:55:46
1066,2017-09-20 17:50:43
466,2017-09-20 17:51:16
1066,2017-09-20 17:51:48
1068,2017-09-20 21:43:49
1069,2017-09-21 01:05:43
466,2017-09-21 10:37:17
647,2017-09-21 10:45:55
882,2017-09-21 11:25:25
1068,2017-09-21 11:29:44
1070,2017-09-21 12:28:49
651,2017-09-21 14:25:00
525,2017-09-21 14:41:30
1071,2017-09-21 14:55:50
464,2017-09-21 15:19:36
512,2017-09-21 15:21:27
515,2017-09-21 15:23:16
512,2017-09-21 16:45:18
654,2017-09-22 10:18:10
592,2017-09-22 10:42:12
413,2017-09-22 10:59:43
1072,2017-09-22 11:51:48
505,2017-09-22 14:02:57
647,2017-09-22 14:03:41
1073,2017-09-22 15:31:01
1064,2017-09-22 15:53:04
1064,2017-09-22 15:55:26
1075,2017-09-23 12:13:13
1075,2017-09-23 12:19:08
478,2017-09-23 17:28:23
478,2017-09-23 17:43:33
1058,2017-09-23 18:14:19
1076,2017-09-24 00:30:19
1076,2017-09-25 00:24:21
1077,2017-09-25 14:09:06
882,2017-09-25 15:28:53
478,2017-09-25 15:54:22
1078,2017-09-25 15:58:35
463,2017-09-25 16:04:45
788,2017-09-25 16:36:26
413,2017-09-25 17:00:21
882,2017-09-26 11:37:13
1081,2017-09-26 13:14:29
463,2017-09-26 13:30:55
413,2017-09-26 14:14:52
450,2017-09-26 15:33:06
1034,2017-09-26 18:03:32
1034,2017-09-27 10:53:30
484,2017-09-27 11:17:48
1082,2017-09-27 12:09:09
1083,2017-09-27 12:33:58
1083,2017-09-27 12:35:04
484,2017-09-27 15:07:28
1084,2017-09-27 15:25:17
413,2017-09-27 15:44:08
1064,2017-09-27 16:16:08
413,2017-09-28 18:56:09
882,2017-09-29 11:05:11
1086,2017-09-29 11:50:15
464,2017-09-29 12:29:10
1034,2017-09-29 13:01:49
450,2017-09-29 14:33:11
882,2017-09-29 15:10:50
882,2017-09-30 12:07:23
1076,2017-10-01 16:16:17
413,2017-10-03 11:19:12
492,2017-10-03 12:06:49
826,2017-10-03 12:08:38
878,2017-10-03 12:33:07
878,2017-10-03 12:35:39
1087,2017-10-03 13:01:40
1088,2017-10-03 13:21:21
466,2017-10-03 14:58:39
466,2017-10-03 15:01:39
1089,2017-10-03 15:09:23
651,2017-10-03 15:33:27
651,2017-10-03 15:39:05
882,2017-10-03 15:40:37
882,2017-10-03 15:42:14
691,2017-10-03 16:47:49
463,2017-10-03 17:05:33
463,2017-10-03 17:16:25
413,2017-10-03 17:22:08
878,2017-10-03 18:05:37
878,2017-10-03 18:05:57
878,2017-10-03 18:06:19
878,2017-10-03 18:08:02
808,2017-10-03 18:39:13
413,2017-10-04 10:48:33
882,2017-10-04 11:02:54
1090,2017-10-04 11:17:39
1070,2017-10-04 11:33:12
457,2017-10-04 12:02:01
413,2017-10-04 13:11:23
413,2017-10-04 13:12:03
413,2017-10-04 14:07:31
1074,2017-10-04 14:09:04
463,2017-10-04 14:32:15
463,2017-10-04 14:39:08
878,2017-10-04 14:49:29
1091,2017-10-04 14:56:50
1081,2017-10-04 15:26:13
1083,2017-10-04 15:29:36
1033,2017-10-04 18:02:07
592,2017-10-05 09:25:05
413,2017-10-05 11:08:10
592,2017-10-05 11:29:12
1092,2017-10-05 12:35:33
453,2017-10-05 14:19:21
789,2017-10-05 14:45:24
453,2017-10-05 14:52:16
505,2017-10-05 15:35:04
789,2017-10-05 15:54:25
478,2017-10-05 16:05:00
453,2017-10-05 16:15:50
592,2017-10-05 16:37:27
592,2017-10-05 16:43:45
882,2017-10-05 16:53:56
1095,2017-10-05 17:18:36
882,2017-10-06 10:18:27
505,2017-10-06 10:52:56
651,2017-10-06 11:41:22
463,2017-10-06 15:19:41
457,2017-10-06 16:03:39
1058,2017-10-07 10:05:12
882,2017-10-07 10:30:35
453,2017-10-07 10:37:07
478,2017-10-07 10:56:40
1101,2017-10-07 11:27:25
800,2017-10-07 11:58:26
711,2017-10-07 12:53:32
463,2017-10-07 14:14:10
412,2017-10-07 17:05:28
1102,2017-10-07 17:50:31
1102,2017-10-07 17:58:14
1102,2017-10-07 18:27:01
1102,2017-10-09 09:25:55
412,2017-10-09 10:37:01
412,2017-10-09 10:41:50
882,2017-10-09 10:42:11
789,2017-10-09 10:53:10
778,2017-10-09 10:57:27
413,2017-10-09 11:04:10
711,2017-10-09 14:49:44
711,2017-10-09 14:50:52
711,2017-10-09 14:52:22
711,2017-10-09 14:54:51
711,2017-10-09 14:57:26
711,2017-10-09 15:17:43
789,2017-10-09 15:42:43
711,2017-10-09 16:00:31
800,2017-10-09 16:18:06
1103,2017-10-09 17:19:48
1104,2017-10-10 11:07:51
882,2017-10-10 11:16:41
1105,2017-10-10 11:28:07
1105,2017-10-10 11:29:15
413,2017-10-10 11:37:20
1106,2017-10-10 11:48:18
800,2017-10-10 11:52:35
882,2017-10-10 11:54:16
1108,2017-10-10 12:17:06
464,2017-10-10 12:17:12
693,2017-10-10 12:29:36
800,2017-10-10 12:33:50
693,2017-10-10 12:49:26
453,2017-10-10 12:57:12
1109,2017-10-10 13:09:21
1109,2017-10-10 13:21:20
802,2017-10-10 14:28:38
1110,2017-10-10 14:59:51
1107,2017-10-10 15:50:51
464,2017-10-10 18:49:07
882,2017-10-11 10:33:04
789,2017-10-11 12:10:42
882,2017-10-11 12:25:00
1107,2017-10-11 12:31:51
1033,2017-10-11 12:51:04
1033,2017-10-11 14:02:06
711,2017-10-11 14:15:51
412,2017-10-11 16:42:32
412,2017-10-11 16:42:48
882,2017-10-12 12:18:40
536,2017-10-12 12:52:14
1102,2017-10-12 14:26:33
453,2017-10-12 16:15:46
1111,2017-10-12 17:09:02
536,2017-10-12 17:13:04
592,2017-10-12 21:09:45
789,2017-10-13 10:30:21
882,2017-10-13 10:30:24
1112,2017-10-13 11:30:37
832,2017-10-13 11:35:33
536,2017-10-13 11:50:05
882,2017-10-13 11:52:11
882,2017-10-13 11:54:54
1112,2017-10-13 12:04:00
1102,2017-10-13 12:13:50
832,2017-10-13 12:39:18
453,2017-10-13 13:07:03
789,2017-10-13 15:04:43
800,2017-10-13 15:30:42
800,2017-10-13 15:30:42
1113,2017-10-13 15:41:21
1113,2017-10-13 16:14:00
1113,2017-10-13 21:51:42
882,2017-10-14 11:55:32
1112,2017-10-14 12:41:48
478,2017-10-14 16:47:53
1114,2017-10-14 17:03:12
1115,2017-10-14 23:26:21
789,2017-10-16 12:10:52
1102,2017-10-16 12:20:16
800,2017-10-16 12:57:32
789,2017-10-16 13:09:53
536,2017-10-16 15:50:58
832,2017-10-16 17:40:52
1112,2017-10-17 10:15:42
1119,2017-10-17 12:15:08
1123,2017-10-17 13:06:44
878,2017-10-17 17:31:37
1124,2017-10-18 08:08:30
882,2017-10-21 11:00:43
882,2017-10-23 10:37:25
502,2017-10-23 11:54:47
882,2017-10-23 12:19:23
464,2017-10-23 12:36:37
882,2017-10-23 15:41:15
882,2017-10-23 15:45:53
1129,2017-10-23 15:49:16
882,2017-10-23 16:04:57
882,2017-10-23 16:50:00
413,2017-10-23 16:56:09
882,2017-10-23 17:07:00
789,2017-10-23 17:16:34
478,2017-10-23 17:39:37
882,2017-10-24 10:50:36
413,2017-10-24 11:01:00
464,2017-10-24 15:20:49
711,2017-10-24 16:06:22
1138,2017-10-24 18:12:36
453,2017-10-24 18:17:48
453,2017-10-24 18:42:26
457,2017-10-25 10:46:51
464,2017-10-25 11:00:51
882,2017-10-25 11:36:27
466,2017-10-25 11:43:49
711,2017-10-25 12:06:24
778,2017-10-25 12:09:38
778,2017-10-25 12:24:15
778,2017-10-25 12:24:15
778,2017-10-25 12:24:16
778,2017-10-25 12:25:42
1142,2017-10-25 12:45:16
1141,2017-10-25 13:01:05
1141,2017-10-25 13:07:10
1141,2017-10-25 13:30:14
882,2017-10-25 14:53:29
693,2017-10-25 15:05:45
1111,2017-10-25 17:23:25
1029,2017-10-25 17:41:28
492,2017-10-25 17:57:34
826,2017-10-25 17:59:28
1029,2017-10-25 18:26:08
1146,2017-10-26 08:50:00
882,2017-10-26 10:36:49
1119,2017-10-26 11:36:31
711,2017-10-26 13:09:28
789,2017-10-26 15:32:16
1033,2017-10-26 15:43:18
536,2017-10-26 16:58:14
1152,2017-10-26 18:18:39
882,2017-10-27 10:25:34
1153,2017-10-27 11:12:06
878,2017-10-27 12:57:07
789,2017-10-27 13:03:22
878,2017-10-27 13:27:29
878,2017-10-27 14:21:38
882,2017-10-27 15:07:40
1111,2017-10-27 15:53:56
470,2017-10-27 15:54:58
536,2017-10-27 17:37:22
413,2017-10-27 17:42:55
754,2017-10-27 17:47:21
1034,2017-10-27 17:58:59
1146,2017-10-27 18:55:50
1158,2017-10-27 23:09:25
882,2017-10-28 10:33:10
1082,2017-10-28 11:34:51
450,2017-10-28 12:32:56
1119,2017-10-28 12:56:31
1119,2017-10-28 13:06:36
1119,2017-10-28 14:36:50
450,2017-10-28 15:12:30
450,2017-10-28 15:12:50
450,2017-10-28 15:13:51
450,2017-10-28 15:14:37
450,2017-10-28 15:16:00
450,2017-10-28 15:26:08
1162,2017-10-28 16:34:15
882,2017-10-28 16:34:53
1119,2017-10-28 18:03:16
882,2017-10-28 19:00:53
789,2017-10-28 20:14:50
878,2017-10-29 10:37:55
536,2017-10-29 12:26:22
882,2017-10-30 10:23:54
878,2017-10-30 11:22:49
478,2017-10-30 12:44:46
1119,2017-10-30 13:01:40
500,2017-10-30 13:20:00
1034,2017-10-30 13:58:53
882,2017-10-30 15:58:32
484,2017-10-30 16:46:04
1029,2017-10-30 17:02:40
1119,2017-10-30 17:16:09
1102,2017-10-30 17:43:20
882,2017-10-30 18:29:31
1119,2017-10-30 18:51:30
871,2017-10-30 22:43:12
882,2017-10-31 10:36:23
882,2017-10-31 10:39:05
1141,2017-10-31 10:41:50
1102,2017-10-31 11:32:53
483,2017-10-31 11:41:42
846,2017-10-31 12:09:42
499,2017-10-31 17:36:17
449,2017-10-31 18:50:55
882,2017-11-01 10:27:31
1081,2017-11-01 10:59:08
557,2017-11-01 11:15:43
1162,2017-11-01 11:56:39
478,2017-11-01 12:17:41
1119,2017-11-01 12:36:35
478,2017-11-01 12:39:24
1171,2017-11-01 12:40:47
478,2017-11-01 12:59:15
1119,2017-11-01 14:47:38
1173,2017-11-01 15:05:54
882,2017-11-01 16:10:11
1174,2017-11-01 16:24:06
1119,2017-11-01 16:35:58
1172,2017-11-01 16:51:04
1172,2017-11-01 16:51:59
846,2017-11-01 16:59:37
478,2017-11-01 17:01:23
1176,2017-11-01 18:13:12
557,2017-11-01 18:32:44
557,2017-11-01 19:29:01
557,2017-11-01 19:32:18
846,2017-11-01 21:23:22
846,2017-11-01 21:23:24
882,2017-11-02 10:15:50
1119,2017-11-02 11:04:40
836,2017-11-02 11:31:55
557,2017-11-02 11:33:47
453,2017-11-02 12:08:26
413,2017-11-02 12:47:23
846,2017-11-02 13:00:27
882,2017-11-02 13:12:44
453,2017-11-02 13:15:41
1119,2017-11-02 13:33:44
1172,2017-11-02 13:55:29
836,2017-11-02 14:08:17
412,2017-11-02 15:59:55
1119,2017-11-02 16:29:58
412,2017-11-02 16:31:32
412,2017-11-02 16:32:04
412,2017-11-02 17:08:16
1119,2017-11-02 17:56:11
711,2017-11-02 18:42:18
1119,2017-11-02 18:43:47
882,2017-11-03 10:47:51
1119,2017-11-03 10:53:38
846,2017-11-03 12:01:25
1119,2017-11-03 12:10:12
1172,2017-11-03 13:52:42
1119,2017-11-03 14:15:13
1119,2017-11-03 14:57:44
878,2017-11-03 16:41:37
677,2017-11-03 16:47:02
882,2017-11-03 17:04:50
711,2017-11-03 17:11:50
1172,2017-11-03 17:50:05
846,2017-11-04 10:45:05
683,2017-11-04 12:04:05
1119,2017-11-04 12:19:19
1119,2017-11-04 12:25:36
882,2017-11-04 14:59:54
1178,2017-11-04 17:15:49
1178,2017-11-04 17:23:53
836,2017-11-04 18:44:48
1102,2017-11-06 11:11:53
1112,2017-11-06 11:45:43
832,2017-11-06 12:00:43
882,2017-11-06 13:49:58
1141,2017-11-06 14:57:34
1181,2017-11-06 16:25:38
1119,2017-11-06 18:23:07
836,2017-11-07 11:08:17
1182,2017-11-07 11:31:03
659,2017-11-07 12:29:27
659,2017-11-07 12:35:05
659,2017-11-07 12:37:10
413,2017-11-07 14:38:28
536,2017-11-07 14:40:50
536,2017-11-07 14:46:54
536,2017-11-07 14:56:32
882,2017-11-07 15:16:04
536,2017-11-07 15:17:10
536,2017-11-07 15:52:41
592,2017-11-07 18:17:35
1141,2017-11-08 10:14:19
1119,2017-11-08 10:50:55
463,2017-11-08 11:16:38
682,2017-11-08 12:16:53
682,2017-11-08 12:17:00
682,2017-11-08 12:17:01
1183,2017-11-08 12:18:38
882,2017-11-08 12:19:29
1181,2017-11-08 13:15:22
1119,2017-11-08 13:20:46
1119,2017-11-08 14:31:55
1119,2017-11-08 14:39:46
1119,2017-11-08 16:03:11
1111,2017-11-08 16:48:44
1184,2017-11-08 18:25:33
1119,2017-11-08 18:25:59
682,2017-11-08 18:40:36
682,2017-11-08 18:40:40
1184,2017-11-08 18:45:02
1184,2017-11-08 18:59:46
492,2017-11-08 19:17:07
1184,2017-11-08 19:34:03
1184,2017-11-08 19:40:38
412,2017-11-09 01:50:47
492,2017-11-09 08:37:36
1119,2017-11-09 09:49:15
1184,2017-11-09 11:00:52
592,2017-11-09 11:02:11
1184,2017-11-09 11:02:15
1184,2017-11-09 11:08:49
1173,2017-11-09 12:01:13
1185,2017-11-09 13:03:31
1119,2017-11-09 13:58:00
603,2017-11-09 15:15:28
1181,2017-11-09 18:42:12
836,2017-11-09 18:56:42
453,2017-11-10 10:36:13
832,2017-11-10 11:10:55
453,2017-11-10 11:15:04
1182,2017-11-10 13:12:16
1187,2017-11-10 14:04:51
413,2017-11-10 14:43:24
1188,2017-11-10 15:14:41
413,2017-11-10 16:55:39
592,2017-11-10 18:17:58
492,2017-11-10 19:31:28
1186,2017-11-10 20:29:12
1186,2017-11-10 20:29:35
1186,2017-11-10 20:29:38
1186,2017-11-10 20:29:48
1172,2017-11-10 23:16:21
1172,2017-11-10 23:16:25
836,2017-11-11 11:24:13
413,2017-11-11 11:42:13
492,2017-11-11 13:53:09
592,2017-11-12 17:31:03
1186,2017-11-12 22:15:50
413,2017-11-13 11:08:07
463,2017-11-13 11:30:07
882,2017-11-13 12:11:24
1191,2017-11-13 13:05:05
1191,2017-11-13 13:06:23
1191,2017-11-13 13:12:28
1192,2017-11-13 13:15:59
1191,2017-11-13 13:17:02
1191,2017-11-13 13:38:36
1191,2017-11-13 13:45:34
1119,2017-11-13 13:59:18
711,2017-11-13 14:35:18
651,2017-11-13 19:26:34
882,2017-11-14 10:36:31
1195,2017-11-14 11:56:39
413,2017-11-14 12:37:11
536,2017-11-14 13:31:20
592,2017-11-14 18:16:58
711,2017-11-14 18:27:14
711,2017-11-14 18:27:15
492,2017-11-14 19:15:24
682,2017-11-14 19:30:39
882,2017-11-15 10:14:55
1188,2017-11-15 12:33:04
1198,2017-11-15 12:38:34
1181,2017-11-15 15:32:30
1201,2017-11-15 15:38:55
1201,2017-11-15 15:40:29
711,2017-11-15 15:42:13
711,2017-11-15 15:42:13
1202,2017-11-15 16:15:34
1202,2017-11-15 16:20:04
1203,2017-11-15 16:25:04
711,2017-11-15 17:30:25
1205,2017-11-15 17:59:57
836,2017-11-15 20:09:32
882,2017-11-16 10:34:21
1196,2017-11-16 12:48:13
556,2017-11-16 13:01:36
1195,2017-11-16 13:14:33
1207,2017-11-16 15:28:15
1206,2017-11-16 16:21:50
1209,2017-11-16 17:23:01
882,2017-11-16 18:04:42
882,2017-11-17 10:52:30
651,2017-11-17 11:36:43
1211,2017-11-17 11:56:09
1188,2017-11-17 14:55:38
882,2017-11-17 15:20:10
882,2017-11-17 15:20:12
1111,2017-11-17 17:01:56
484,2017-11-17 17:05:36
882,2017-11-17 17:10:57
1212,2017-11-17 17:24:54
492,2017-11-17 18:37:01
492,2017-11-17 18:42:03
1188,2017-11-17 21:13:08
882,2017-11-18 10:46:11
512,2017-11-18 10:46:30
1146,2017-11-18 11:27:44
492,2017-11-18 11:51:02
1146,2017-11-18 12:01:54
1213,2017-11-18 12:19:03
1213,2017-11-18 12:25:51
1214,2017-11-18 12:28:15
1215,2017-11-18 14:51:14
1215,2017-11-18 14:51:52
882,2017-11-18 16:44:26
1203,2017-11-18 18:20:52
882,2017-11-20 11:00:06
1217,2017-11-20 14:04:58
1219,2017-11-20 18:26:31
882,2017-11-21 10:46:03
882,2017-11-21 11:10:31
1119,2017-11-21 11:22:03
651,2017-11-21 12:23:59
1220,2017-11-21 12:46:58
1220,2017-11-21 12:46:59
1221,2017-11-21 13:09:44
1222,2017-11-21 14:18:24
1222,2017-11-21 14:19:00
882,2017-11-21 14:27:04
1220,2017-11-21 14:27:05
848,2017-11-21 14:51:06
1222,2017-11-21 14:51:16
882,2017-11-21 14:54:28
711,2017-11-21 16:18:14
1223,2017-11-21 16:55:55
1220,2017-11-21 16:58:21
1220,2017-11-21 17:30:33
1224,2017-11-21 17:54:39
863,2017-11-21 18:25:12
651,2017-11-21 18:30:27
492,2017-11-21 22:05:16
1205,2017-11-22 11:46:11
412,2017-11-22 12:00:44
412,2017-11-22 12:15:38
1222,2017-11-22 12:51:32
875,2017-11-22 13:36:12
875,2017-11-22 13:36:13
412,2017-11-22 13:50:33
1225,2017-11-22 14:17:19
413,2017-11-22 14:23:58
413,2017-11-22 14:50:51
412,2017-11-22 14:57:05
875,2017-11-22 15:01:21
875,2017-11-22 15:27:42
1226,2017-11-22 15:53:00
878,2017-11-22 16:16:03
413,2017-11-22 16:32:37
381,2017-11-22 21:13:44
381,2017-11-22 21:15:06
592,2017-11-23 08:34:29
1227,2017-11-23 10:48:32
484,2017-11-23 10:59:42
878,2017-11-23 11:17:21
1228,2017-11-23 12:26:02
1229,2017-11-23 13:09:38
711,2017-11-23 13:40:19
882,2017-11-23 14:22:16
1119,2017-11-23 15:11:19
413,2017-11-23 16:11:36
878,2017-11-23 16:24:20
882,2017-11-23 17:11:31
1228,2017-11-23 17:27:51
1228,2017-11-23 18:24:05
1228,2017-11-24 09:57:22
427,2017-11-24 10:29:49
1229,2017-11-24 10:51:46
1230,2017-11-24 11:10:24
1230,2017-11-24 11:11:17
466,2017-11-24 11:21:51
1201,2017-11-24 11:41:15
470,2017-11-24 12:12:27
822,2017-11-24 16:46:09
453,2017-11-24 17:36:07
453,2017-11-24 17:36:08
453,2017-11-24 17:36:08
453,2017-11-24 17:36:09
425,2017-11-24 18:03:22
1230,2017-11-24 18:17:11
413,2017-11-25 11:07:11
836,2017-11-25 11:36:57
1232,2017-11-25 11:39:29
1232,2017-11-25 11:49:08
413,2017-11-25 14:14:16
882,2017-11-25 15:20:49
1233,2017-11-25 17:09:09
882,2017-11-25 18:09:27
453,2017-11-25 18:51:09
836,2017-11-25 19:05:44
1228,2017-11-25 20:16:43
1234,2017-11-26 21:23:37
1230,2017-11-27 10:27:13
425,2017-11-27 10:49:24
453,2017-11-27 11:03:08
453,2017-11-27 12:17:07
1235,2017-11-27 12:58:21
1236,2017-11-27 13:55:24
1236,2017-11-27 14:00:30
1236,2017-11-27 16:12:15
1237,2017-11-27 16:24:56
1237,2017-11-27 16:50:55
413,2017-11-27 17:11:52
413,2017-11-27 18:03:13
453,2017-11-27 18:09:05
453,2017-11-27 18:12:58
882,2017-11-28 13:49:29
1241,2017-11-28 14:21:51
1241,2017-11-28 15:09:21
381,2017-11-28 15:57:00
1244,2017-11-28 16:06:03
1111,2017-11-28 17:17:24
492,2017-11-28 18:49:17
882,2017-11-28 19:04:26
427,2017-11-28 20:20:34
1153,2017-11-28 23:00:30
1244,2017-11-29 12:44:44
1119,2017-11-29 13:05:02
711,2017-11-29 13:11:49
882,2017-11-29 14:40:00
1244,2017-11-29 15:25:31
1202,2017-11-29 18:29:29
882,2017-11-29 18:43:31
381,2017-11-29 20:43:34
381,2017-11-29 20:43:34
1244,2017-11-30 10:35:22
425,2017-11-30 10:42:48
1245,2017-11-30 11:57:50
1244,2017-11-30 13:53:30
1247,2017-11-30 16:16:26
1247,2017-11-30 16:16:40
1247,2017-11-30 16:16:42
1247,2017-11-30 16:16:50
1236,2017-11-30 18:00:16
413,2017-11-30 18:41:41
413,2017-12-01 10:18:11
1202,2017-12-01 11:17:41
836,2017-12-01 12:11:37
492,2017-12-01 12:27:36
515,2017-12-01 12:39:15
1229,2017-12-01 13:03:39
478,2017-12-01 16:49:40
1230,2017-12-01 20:29:13
651,2017-12-02 07:46:07
425,2017-12-02 10:39:57
1244,2017-12-02 11:14:33
1250,2017-12-02 12:19:28
478,2017-12-02 14:39:34
427,2017-12-02 20:27:53
1251,2017-12-02 23:08:54
882,2017-12-04 11:23:36
1252,2017-12-04 14:25:29
1253,2017-12-04 14:46:24
1220,2017-12-04 14:47:21
485,2017-12-04 15:14:10
1254,2017-12-04 16:09:18
1253,2017-12-04 16:16:04
485,2017-12-04 16:26:14
882,2017-12-04 16:36:22
412,2017-12-04 17:21:01
425,2017-12-04 18:34:19
412,2017-12-04 19:48:56
412,2017-12-04 19:49:10
381,2017-12-04 21:14:31
485,2017-12-04 23:42:16
484,2017-12-05 10:41:05
592,2017-12-05 10:51:55
882,2017-12-05 12:43:25
592,2017-12-05 14:31:13
1255,2017-12-05 15:14:45
1256,2017-12-05 16:11:45
1257,2017-12-05 16:35:51
512,2017-12-05 16:44:04
1257,2017-12-05 17:42:47
492,2017-12-05 18:18:08
381,2017-12-05 22:43:14
412,2017-12-06 09:26:29
592,2017-12-06 10:08:01
484,2017-12-06 10:25:04
484,2017-12-06 10:25:05
1255,2017-12-06 10:26:46
484,2017-12-06 10:27:37
484,2017-12-06 10:30:53
484,2017-12-06 10:52:20
484,2017-12-06 11:01:25
484,2017-12-06 11:18:32
1259,2017-12-06 11:24:06
1259,2017-12-06 11:25:33
484,2017-12-06 11:26:31
484,2017-12-06 11:27:12
484,2017-12-06 11:29:11
1255,2017-12-06 11:36:59
592,2017-12-06 12:12:15
1259,2017-12-06 12:42:15
882,2017-12-06 13:00:05
1259,2017-12-06 14:29:57
1259,2017-12-06 18:12:40
1230,2017-12-06 18:22:49
1230,2017-12-06 18:23:01
1230,2017-12-06 18:24:56
427,2017-12-06 18:30:40
1230,2017-12-06 19:01:32
381,2017-12-06 20:49:18
592,2017-12-07 09:03:01
882,2017-12-07 10:49:06
1244,2017-12-07 11:46:14
413,2017-12-07 12:04:17
1260,2017-12-07 12:11:18
1230,2017-12-07 13:27:21
836,2017-12-07 15:06:54
835,2017-12-07 15:19:45
470,2017-12-07 15:29:30
484,2017-12-07 15:42:41
484,2017-12-07 16:18:17
1260,2017-12-07 16:33:23
381,2017-12-07 18:41:54
1260,2017-12-07 19:20:38
1260,2017-12-07 20:15:08
1253,2017-12-07 20:17:04
427,2017-12-07 20:32:21
1229,2017-12-08 11:51:00
413,2017-12-08 12:03:01
413,2017-12-08 12:04:43
592,2017-12-08 12:29:47
890,2017-12-08 15:25:53
412,2017-12-08 15:31:09
882,2017-12-08 16:21:46
413,2017-12-08 17:29:34
682,2017-12-08 18:30:00
1263,2017-12-09 09:31:08
882,2017-12-09 10:40:56
463,2017-12-09 11:17:25
711,2017-12-09 11:38:22
735,2017-12-09 11:38:27
413,2017-12-09 11:54:57
882,2017-12-09 12:08:50
1260,2017-12-09 14:11:36
682,2017-12-11 08:34:38
412,2017-12-11 08:35:13
882,2017-12-11 10:33:12
882,2017-12-11 11:45:57
1265,2017-12-11 12:19:14
1264,2017-12-11 12:31:22
1146,2017-12-11 12:51:12
1264,2017-12-11 12:51:15
1146,2017-12-11 12:57:26
1266,2017-12-11 13:32:42
1146,2017-12-11 13:42:16
1265,2017-12-11 14:17:22
499,2017-12-11 15:51:38
427,2017-12-11 16:03:20
427,2017-12-11 16:51:37
412,2017-12-11 16:56:36
484,2017-12-11 18:34:10
484,2017-12-11 18:34:10
592,2017-12-12 10:30:55
882,2017-12-12 11:29:18
1270,2017-12-12 14:55:21
478,2017-12-12 15:08:52
427,2017-12-12 15:12:22
478,2017-12-12 15:19:22
478,2017-12-12 15:20:57
711,2017-12-12 15:26:55
413,2017-12-12 15:44:41
393,2017-12-12 17:33:33
427,2017-12-12 23:07:14
484,2017-12-13 10:42:07
1224,2017-12-13 10:51:19
413,2017-12-13 11:20:56
492,2017-12-13 11:24:43
1272,2017-12-13 11:49:36
463,2017-12-13 12:21:19
1230,2017-12-13 14:54:35
1260,2017-12-13 15:28:51
882,2017-12-13 15:34:40
1273,2017-12-13 15:42:06
484,2017-12-13 16:10:43
413,2017-12-13 16:46:17
412,2017-12-13 18:48:11
427,2017-12-13 18:54:13
592,2017-12-14 09:35:52
492,2017-12-14 12:14:56
412,2017-12-14 12:30:50
393,2017-12-14 12:33:57
882,2017-12-14 15:39:57
882,2017-12-14 15:44:24
592,2017-12-14 16:01:01
849,2017-12-14 16:03:31
381,2017-12-14 20:18:05
592,2017-12-15 09:12:06
592,2017-12-15 09:12:33
1274,2017-12-15 11:36:54
882,2017-12-15 11:39:13
1274,2017-12-15 11:46:29
1230,2017-12-15 12:00:38
492,2017-12-15 12:02:13
1274,2017-12-15 12:28:04
492,2017-12-15 12:29:54
711,2017-12-15 12:34:39
492,2017-12-15 12:58:00
492,2017-12-15 13:00:08
1233,2017-12-15 15:32:02
1275,2017-12-15 15:51:32
492,2017-12-15 18:21:45
592,2017-12-16 09:21:58
592,2017-12-16 09:22:20
651,2017-12-16 11:24:01
1214,2017-12-16 12:02:12
1276,2017-12-16 12:28:39
1278,2017-12-16 14:46:10
1278,2017-12-16 14:47:35
592,2017-12-16 14:48:40
592,2017-12-16 14:49:59
592,2017-12-16 14:50:52
413,2017-12-16 15:52:13
413,2017-12-16 15:53:50
1278,2017-12-16 15:55:07
1279,2017-12-16 16:39:25
1034,2017-12-16 16:52:13
1034,2017-12-16 16:53:22
849,2017-12-16 17:00:09
876,2017-12-16 17:16:51
876,2017-12-16 17:24:26
711,2017-12-16 18:38:55
1230,2017-12-17 10:41:21
492,2017-12-17 17:19:47
1281,2017-12-17 17:40:04
592,2017-12-18 10:09:19
1282,2017-12-18 14:08:49
882,2017-12-18 15:02:43
412,2017-12-18 15:38:52
592,2017-12-18 15:45:53
592,2017-12-18 16:25:28
1271,2017-12-18 16:29:29
1271,2017-12-18 16:53:37
484,2017-12-18 17:46:24
412,2017-12-18 18:01:45
412,2017-12-18 18:04:18
492,2017-12-18 18:18:57
876,2017-12-18 18:25:50
1283,2017-12-18 18:53:50
876,2017-12-18 19:43:57
1278,2017-12-18 20:59:05
876,2017-12-19 05:51:39
876,2017-12-19 09:54:43
1278,2017-12-19 10:02:50
876,2017-12-19 10:15:48
484,2017-12-19 10:45:01
876,2017-12-19 11:09:24
1269,2017-12-19 12:09:27
1269,2017-12-19 12:10:05
1284,2017-12-19 13:49:38
1284,2017-12-19 13:50:33
536,2017-12-19 14:49:43
413,2017-12-19 15:10:10
1285,2017-12-19 15:23:35
1281,2017-12-19 15:40:02
1286,2017-12-19 15:56:47
1286,2017-12-19 16:07:15
1286,2017-12-19 17:28:05
788,2017-12-19 18:08:56
651,2017-12-19 21:04:06
1280,2017-12-20 10:34:18
1286,2017-12-20 10:49:13
1286,2017-12-20 10:49:14
536,2017-12-20 11:32:09
484,2017-12-20 11:37:32
876,2017-12-20 12:05:17
1221,2017-12-20 14:59:39
849,2017-12-20 15:12:50
427,2017-12-20 15:27:01
492,2017-12-20 18:16:33
1287,2017-12-20 18:25:23
1281,2017-12-20 18:28:34
711,2017-12-20 18:40:33
1146,2017-12-20 20:35:03
381,2017-12-20 20:55:12
876,2017-12-21 09:08:36
1281,2017-12-21 11:52:15
882,2017-12-21 12:11:56
1288,2017-12-21 15:25:48
1220,2017-12-21 15:42:55
711,2017-12-21 16:15:06
1220,2017-12-22 11:38:26
1221,2017-12-22 13:00:29
484,2017-12-22 13:01:58
882,2017-12-22 14:49:13
1280,2017-12-22 18:01:11
413,2017-12-23 02:49:43
882,2017-12-23 11:11:01
413,2017-12-23 11:26:40
1281,2017-12-23 18:11:57
882,2017-12-23 18:14:19
1281,2017-12-24 11:40:37
882,2017-12-25 11:18:39
1281,2017-12-25 12:36:58
882,2017-12-25 14:55:25
662,2017-12-25 15:42:33
1291,2017-12-25 17:29:28
413,2017-12-25 17:48:43
1237,2017-12-25 22:15:53
592,2017-12-26 10:32:00
425,2017-12-26 11:39:12
662,2017-12-26 11:55:09
1292,2017-12-26 12:28:20
691,2017-12-26 14:07:23
711,2017-12-26 15:02:37
478,2017-12-26 16:09:12
1291,2017-12-26 16:35:17
425,2017-12-26 17:16:34
478,2017-12-27 14:53:56
1280,2017-12-27 16:17:23
1302,2017-12-27 18:36:09
1281,2017-12-27 19:51:37
453,2017-12-28 11:22:26
1259,2017-12-28 11:26:05
463,2017-12-28 11:39:46
1302,2017-12-28 12:45:46
463,2017-12-28 13:31:37
1259,2017-12-28 14:07:40
453,2017-12-28 14:10:30
1259,2017-12-28 14:10:37
1259,2017-12-28 14:13:05
1259,2017-12-28 14:15:34
413,2017-12-28 16:07:56
592,2017-12-28 18:20:41
1281,2017-12-28 19:06:30
1302,2017-12-28 19:38:41
381,2017-12-28 20:19:10
381,2017-12-28 20:21:33
635,2017-12-29 11:08:30
691,2017-12-29 14:27:05
1304,2017-12-29 15:51:40
413,2017-12-29 18:19:48
413,2017-12-29 18:20:32
882,2017-12-30 11:00:31
882,2017-12-30 11:00:31
1196,2017-12-30 12:32:22
1280,2017-12-30 12:52:01
413,2017-12-30 13:41:21
1304,2017-12-30 14:06:23
882,2017-12-30 15:38:43
651,2017-12-30 16:22:27
651,2017-12-30 17:19:02
682,2017-12-30 18:39:46
836,2017-12-31 13:51:25
1281,2017-12-31 17:18:51
882,2018-01-01 11:37:31
651,2018-01-01 12:17:41
1152,2018-01-01 12:32:21
413,2018-01-01 15:16:25
1305,2018-01-01 17:45:11
882,2018-01-02 10:23:49
1302,2018-01-02 12:05:59
800,2018-01-02 12:18:03
711,2018-01-02 13:41:58
882,2018-01-02 15:01:54
1280,2018-01-02 15:52:47
413,2018-01-02 18:15:45
1306,2018-01-02 18:20:44
1224,2018-01-03 11:11:02
882,2018-01-03 11:21:03
1306,2018-01-03 11:52:14
478,2018-01-03 12:25:21
492,2018-01-03 12:32:29
425,2018-01-03 15:31:37
425,2018-01-03 15:48:53
882,2018-01-03 15:51:39
478,2018-01-03 16:02:43
882,2018-01-03 18:21:05
651,2018-01-03 18:32:08
651,2018-01-03 20:57:39
1307,2018-01-03 22:13:39
413,2018-01-04 10:43:43
1307,2018-01-04 10:48:28
1230,2018-01-04 11:22:00
1307,2018-01-04 13:13:44
1307,2018-01-04 13:13:45
1224,2018-01-04 14:10:04
