id,x,z0,z1,z2,z3
3,0.0,0.0,0.0,-0.0,0.2738158969715883
3,0.1001001001001001,-0.10262837217564104,0.0015946698515265725,0.05283198990597713,-0.4873018924476254
3,0.2002002002002002,-0.22320645415132734,0.0063778699358779094,-0.19812381486216699,-0.844928977541105
2,0.3003003003003003,-0.4849547386861962,0.014347172150540204,0.12645095181734736,-0.3579056204568229
2,0.4004004004004004,0.3505139993925326,0.02549853068512396,0.4394442591860988,0.6021128435167611
0,0.5005005005005005,0.6562006394709956,0.03982628356169922,-0.0026713597184944184,1.9361677858903064
0,0.6006006006006006,0.06210930594512835,0.05732315479053519,-0.3004631361293021,2.413680031261059
0,0.7007007007007008,-0.10476796066158564,0.0779802571405145,0.02595565003263029,1.1880750556708284
2,0.8008008008008008,-0.42296944967883865,0.1017870955232846,-0.3690032805030018,1.4084574748904102
1,0.9009009009009008,-0.13824599153545308,0.12873157099000115,-0.2941400193776997,0.6438067774892864
2,1.001001001001001,-0.1811494768340177,0.15879998533931014,0.03176352429424921,0.9081887269068974
3,1.1011011011011012,-0.7689113274014591,0.1919770463350098,0.029511667249984486,2.9229643757225983
0,1.2012012012012012,0.30538089302720817,0.2282458735316255,-0.6716635289589948,0.17839521030692462
0,1.3013013013013013,-2.2061684109596094,0.2675880047059259,-0.3881437866526963,-0.6602093234281359
0,1.4014014014014016,-0.7979738688389006,0.3099834028922033,0.9198407599132629,2.146069690004094
1,1.5015015015015016,1.5802291190098658,0.3554104640189353,-0.3574574507283189,1.3829454858617394
0,1.6016016016016017,-0.6626092500299743,0.4038460251442437,-0.24388560644522736,3.3655579958351733
3,1.7017017017017018,0.8968928762876169,0.45526537328736,0.4551133742033998,3.002943237494684
0,1.8018018018018016,2.28394048789544,0.5096422548531084,-0.2454335191809327,2.286324667567389
1,1.901901901901902,-3.0382510637432256,0.566948885646213,-0.2429031818482565,2.138369385414686
3,2.002002002002002,-1.4262664028854397,0.6271559614720374,1.9892518102910048,0.2049699097737192
1,2.1021021021021022,-2.7639490493906216,0.6902326693201659,0.1153743550285106,1.0889300867878184
2,2.2022022022022023,1.347751516243907,0.7561466991270367,0.7609726206206793,0.7394786585359294
3,2.3023023023023024,-1.6221155217733367,0.8248642561136404,0.4909771173150661,2.406943805980643
3,2.4024024024024024,-0.1589004549635613,0.8963500736941046,-1.1531500090183524,0.3943270949625712
2,2.5025025025025025,1.383766355865208,0.9705674269507856,1.324024939928031,2.5919025776996794
3,2.6026026026026026,1.0738773842155769,1.0474781466713028,1.1045528059271117,3.350187009834928
3,2.702702702702703,-3.79014954136285,1.1270426339427535,-0.3135607298116548,1.69295219228057
0,2.8028028028028036,3.6604094001596463,1.2092198752981578,-3.357514807416069,1.8089392902475616
1,2.9029029029029036,9.130869452388657,1.2939674584100007,0.5662525765121988,3.8771490612477866
3,3.0030030030030037,0.8954606629543629,1.3812415883255411,-0.12118118573253972,3.4309399358045467
3,3.1031031031031038,1.9182524114724868,1.4709971042383845,2.6557638761826245,3.7457984614670217
1,3.2032032032032034,3.2688821301962565,1.5631874967906187,-1.9765016756974745,3.062906519834492
0,3.3033033033033035,3.012272606194399,1.657764925899652,3.0684251637228734,2.19839583570038
1,3.4034034034034035,-3.054821965412997,1.754680239103686,-0.4176791062360469,3.6825783820415197
2,3.503503503503504,5.143493841081017,1.853882990419604,0.8320535779512886,5.182634458987749
0,3.603603603603604,5.6291811985971965,1.9553214597068616,-4.828481734451026,3.4016522606951898
3,3.703703703703704,2.1765618513409635,2.0589426725308053,-0.4760460737953978,3.182463443964516
0,3.803803803803804,-2.8221338066247945,2.1646924205186613,-1.2292682598470352,2.6478522771447595
1,3.903903903903904,2.3418543871903794,2.2725152822012795,-2.032797716220794,5.467575595192017
2,4.004004004004004,2.8778874801768115,2.382354644333549,-3.284997723266053,3.0213882126064484
0,4.1041041041041035,-0.3308586099216151,2.4941527236862133,-0.8487495061823923,2.11524933150142
1,4.2042042042042045,0.024140354046279008,2.6078505893017003,1.024274765401053,3.4335591199941
3,4.3043043043043046,-0.3861990102247144,2.7233881852063666,-0.0011902972733812823,4.797992901711654
3,4.4044044044044055,1.4830805689597726,2.8407043535714336,-0.6069318949275649,4.087993125602488
0,4.504504504504505,-0.7768704276591905,2.959736858314728,0.02824519550715468,6.671335246944237
2,4.604604604604606,5.472987585797993,3.0804224091351844,-0.26925454253635983,4.0306495522296455
1,4.704704704704705,-3.5115613598125397,3.2026966859719157,1.0695013647414406,4.691648691339621
1,4.804804804804805,3.416562840246512,3.326494363879524,0.12648590646936358,4.791256249724767
0,4.904904904904906,-1.015051042410727,3.4517491383111443,2.3270963457461926,6.206720050441204
0,5.005005005005005,8.742959761064727,3.578393750800628,-8.418095009137902,4.760255748646662
3,5.105105105105106,10.627696319122363,3.7063600150350737,-0.12280647811989095,4.885603392324622
1,5.205205205205205,6.359325445158055,3.8355788433088147,-3.291043634966162,6.723102075797738
0,5.305305305305304,5.678031875190767,3.9659802733498255,-2.1127336798782816,4.657689705766869
3,5.405405405405406,2.3383163078774696,4.097493495509384,-4.9544926381039165,6.46499177096414
2,5.505505505505506,12.14288346093034,4.23004688030568,1.8966180688244505,7.371660325283339
0,5.605605605605607,5.669923342535707,4.363568006311982,0.7369304289655967,6.322060795074522
2,5.7057057057057055,-0.6648013927287328,4.497983688379777,2.70002752556738,4.747164084138627
1,5.805805805805807,-2.0804721413728107,4.633220006187249,-2.470243497616638,5.163557757063499
1,5.9059059059059065,7.699522181776812,4.769202333103332,-1.6568907480288018,6.371026658481848
3,6.006006006006007,3.064686260243004,4.905855365357403,-9.6599389114479,5.476975556605279
1,6.1061061061061075,0.7013272265660673,5.043103151504661,-2.557577703659069,6.1630342057863094
3,6.2062062062062076,14.421353780433519,5.180869122177058,-1.6365527668436048,5.568182676271792
2,6.306306306306308,11.627576907768129,5.319076120109592,2.239537270304978,6.452776345671826
3,6.406406406406408,-2.2977972293171245,5.4576464304316215,9.362893171245426,6.58244533277262
0,6.506506506506508,3.710655356237172,5.596501811212841,0.6862623538427127,5.8410864388595565
1,6.606606606606608,14.321914941461268,5.735563524253387,-0.3682872042802457,5.0044109712214775
1,6.706706706706708,7.056056207106246,5.874752366107473,0.3110283185543535,6.97101031623397
1,6.806806806806808,1.3447699954142802,6.013988699329926,-0.8268247028415376,6.9402603912166345
2,6.906906906906907,6.738585250848906,6.1531924839348076,-0.23581798628330775,5.973573830369258
3,7.007007007007007,-5.7185175698860995,6.2922833090553425,-2.8181895824792003,6.673674644713955
1,7.107107107107107,-7.946826033671058,6.431180424794168,5.831564624793137,9.081884260808836
1,7.207207207207206,19.90040340402423,6.569802774252987,0.8459320147667376,8.088056991868486
2,7.307307307307307,1.101669595268841,6.708069025730523,6.557082705541103,7.8283184761082065
3,7.407407407407407,-1.912060666009228,6.845897605077659,2.5646403731856333,9.359535643539369
1,7.5075075075075075,12.09625626273887,6.983206728198607,9.254791033875382,6.963577182802237
2,7.607607607607608,9.13967211283641,7.119914433686821,-7.009814898306787,7.640828194300973
2,7.7077077077077085,-8.387016531613902,7.2559386155843795,-3.8450858556683283,7.944721500514616
3,7.8078078078078095,20.721283628035142,7.391197056253496,-17.515278558073206,7.184376241040822
0,7.9079079079079095,7.9029135399583055,7.525607459348746,0.5487471225384508,7.170423461383117
0,8.008008008008009,6.572050162618803,7.6590874828785624,-1.108964855621411,8.835110323837222
1,8.108108108108109,10.926558983175898,7.791554772344542,-3.531119386505614,6.246883673036437
0,8.208208208208209,3.5409523148805637,7.922926993947026,-3.893129312245599,8.962381016429678
2,8.308308308308309,9.566513103602928,8.053121867845428,-1.5354238186260047,10.063644911852547
0,8.408408408408409,7.955502346518863,8.182057201461665,0.5956311216938676,6.170575152977217
1,8.508508508508509,21.741522445982493,8.309650922815214,0.7509247691183347,7.4703566168323405
1,8.608608608608609,2.011983064574289,8.435821113877992,3.2590242427498284,8.583292599384066
0,8.70870870870871,11.549043748449455,8.5604860439376,1.9631356980496428,9.325924689035064
1,8.808808808808811,-4.683968182242023,8.683564202957122,0.04378751825327449,10.018409917655571
0,8.908908908908911,3.2812942695629714,8.804974334919896,1.3331428477636662,8.667089136725219
1,9.00900900900901,25.758654355125227,8.924635471147559,-0.8145147133580684,11.30495982655053
0,9.10910910910911,2.4382162686884614,9.042466963579674,4.959077616550852,9.312749564954565
1,9.209209209209211,5.000289647679088,9.158388518003283,-1.1505644166314724,9.532139636155636
2,9.309309309309311,10.041024507796008,9.272320227220687,6.559636241009263,9.299541832241546
0,9.40940940940941,11.768628568975814,9.384182604143847,1.3336050206320902,9.59841839911403
3,9.50950950950951,-4.590272037580146,9.493896614803656,-3.771762812855617,11.34595629875981
3,9.60960960960961,11.316715638257973,9.601383711262528,-5.8294025303069885,9.017156009052307
0,9.709709709709712,8.21134137224421,9.706565864418707,1.4038511281344874,10.642943329762847
1,9.809809809809812,11.360598743439768,9.809365596690574,14.043789346266498,9.006102354693226
0,9.90990990990991,5.936388549133789,9.909706014569547,1.49528366042783,10.337566547754172
0,10.01001001001001,-5.912532028853889,10.007510841029942,-10.078929972833832,9.695544807102241
3,10.110110110110108,12.850440657967624,10.10270444778432,2.189837039601408,10.51362000046423
3,10.210210210210212,16.772510579446536,10.195211887372851,-1.927962469411157,11.377031212129078
0,10.31031031031031,0.8534253240730401,10.284958925075335,4.929761358896512,9.482081090238824
3,10.41041041041041,15.86078198296876,10.371872070634412,-4.220718066463276,12.199668112203705
2,10.51051051051051,16.786189205974104,10.45587860977872,2.2039071969630077,10.752668536244995
3,10.610610610610609,1.739322639289881,10.536906635534702,4.75824433411614,9.826654588679352
0,10.710710710710712,15.763908475557866,10.614885079315858,-0.04656080948328452,11.409596532318544
3,10.810810810810812,4.216963513845892,10.689743741778267,-3.0603073881177516,11.143732947327356
0,10.910910910910912,20.240564219584318,10.761413323431356,11.765063063003035,10.129533883741235
2,11.011011011011012,25.177361480425425,10.829825454992832,-4.944784757963936,9.810071239871322
0,11.111111111111114,16.074419160883654,10.89491272747688,-6.16220035794738,12.138406918703652
0,11.211211211211214,-1.053163499911301,10.956608722004711,9.66837461710791,10.136630145918401
0,11.31131131131131,-7.5815913821918395,11.014848039326736,8.246741619176866,10.238707262659084
2,11.411411411411411,-18.702929115945512,11.069566329045612,-4.894941460272706,11.491538727395255
2,11.511511511511511,5.540917611821032,11.120700318529522,2.027676987320924,11.354260324249935
2,11.611611611611615,13.92462098010573,11.168187841505224,-0.046317438975833784,11.765026833826756
3,11.711711711711711,-2.270549533884312,11.211967866320348,-2.441221959494337,13.588568056686412
3,11.811811811811811,5.625400121709614,11.251980523864693,-0.7660455859470533,10.98513711971804
1,11.911911911911911,6.334972605849577,11.288167135140188,3.119579394418949,12.334635332731185
3,12.012012012012011,18.34402869416945,11.320470238469449,-3.000866917249964,11.563909452804301
3,12.112112112112115,30.15851069309472,11.348833616332849,5.947570023465005,12.99937483095402
3,12.212212212212211,-4.8612696613321855,11.373202321824243,-6.974337875185532,10.892639339950366
0,12.312312312312311,9.311517974588256,11.393522704715464,11.586191931976009,13.068477482294142
3,12.412412412412412,8.064413692175673,11.409742437119961,7.91311454128728,13.773070067089188
1,12.512512512512512,8.648561939097714,11.421810538745966,-10.487659127660157,13.060932693044956
0,12.612612612612612,5.0633694804947185,11.429677401729787,0.5859026073015366,11.999078648117678
2,12.712712712712715,12.434698108814164,11.433294815039835,0.14305659836973442,14.256433620513027
0,12.812812812812815,6.7642977806740845,11.432615988442295,19.607497880845663,13.188831259797132
0,12.912912912912915,5.460808133291799,11.427595576019261,8.659948247942197,14.389238743295774
0,13.013013013013015,-11.66088330759099,11.418189699230512,9.326546481460381,11.663220535912325
1,13.113113113113116,15.817355646487176,11.404355969510107,2.057300403300029,13.41109805675919
0,13.213213213213216,13.12775823573841,11.386053510389116,-1.2233058611124128,11.514114746610856
0,13.313313313313316,-5.506909872680872,11.363242979136063,4.517369264845175,13.45096841842078
1,13.413413413413416,25.90065658025745,11.335886587906668,-5.816314290277422,12.570463714697931
1,13.513513513513516,11.389307124829056,11.303948124394728,8.929004339494016,13.682693569757438
1,13.613613613613616,32.72977969297445,11.267392971976035,10.225984339503713,12.126043570521238
3,13.713713713713716,1.3006086469869302,11.226188129337537,-16.479612052978265,14.247326195949515
2,13.813813813813814,7.772764260039454,11.180302229583841,-4.4140394909352825,13.975700073757196
3,13.913913913913914,7.022526706751293,11.12970555881372,13.075340866977786,13.126172524388625
3,14.014014014014014,-36.12050920209136,11.074370074158962,0.5322164361985499,15.113787820495308
3,14.114114114114114,-11.000568530407596,11.014269421278524,0.34134329981445904,15.261576370080016
3,14.214214214214214,24.024458835257484,10.949378951300774,-4.152532850113137,15.266892268382284
3,14.314314314314315,33.384457069749466,10.879675737207025,1.7796941119523864,15.216520911369171
2,14.414414414414413,20.209477203283146,10.805138589649546,3.977948723426082,14.424763326157878
1,14.514514514514515,8.816741176210906,10.72574807219758,1.1460736642533718,14.51269880413449
1,14.614614614614615,32.022431957267074,10.641486516004893,-2.4918557248849726,15.038577696025241
0,14.714714714714715,20.065740314693308,10.552338033892774,-0.9565336995463344,14.904886819912337
1,14.814814814814815,20.51260013985034,10.458288533842381,-12.701905183761056,15.221441768310793
3,14.914914914914913,21.40009550570822,10.359325731890689,6.625871730843733,12.616936305092272
0,15.015015015015015,-8.456220021797213,10.255439164424297,-0.03858572467237493,14.767270454113214
1,15.115115115115115,-9.148268019671914,10.146620199865787,0.6975421607776261,14.85281789565744
1,15.215215215215215,-14.103204901009235,10.032862049747212,12.279306897519545,13.16267733682117
3,15.315315315315313,14.825525486960151,9.914159779165807,1.7936916180544762,15.442161973168455
0,15.415415415415413,23.496098278171658,9.790510316616936,-0.7717238873277492,15.406868820440431
1,15.515515515515515,10.889945759425773,9.661912463199666,5.018345302464723,13.733868905237248
2,15.615615615615615,19.76668993222885,9.52836690119044,-0.9074376882872148,14.80069295043787
0,15.715715715715715,20.86187265670753,9.389876201980657,3.767202574113433,16.129062248588813
3,15.815815815815814,5.011444433002048,9.246444833374,10.064209070031225,16.808464158904098
1,15.915915915915914,-1.2451589121892541,9.098079166239666,8.444483417764571,15.353061770765134
1,16.016016016016017,1.6296150196307728,8.944787480517887,-5.526857705133669,14.62158913188544
2,16.116116116116117,9.583047446616652,8.786579970574188,-7.560239853002241,15.412719246918854
1,16.216216216216218,-17.46797365098115,8.623468749899242,0.4189957864821068,16.09280161583731
3,16.316316316316318,3.694355979033847,8.455467855151165,3.483739892665331,16.809319249416106
1,16.416416416416418,35.52680497579456,8.2825932495375,2.9906061111619016,14.497323718806411
0,16.516516516516518,-20.73150659221381,8.10486282553424,1.4813065242531007,17.311175137302396
0,16.616616616616618,1.585053437736077,7.922296406939512,-4.105891586951561,18.19153272708265
3,16.716716716716718,0.4619654747233986,7.734915750259625,0.4600220158132551,16.46614410156355
2,16.816816816816818,10.656752967330243,7.542744545425669,0.6652832651841896,16.901899099244833
3,16.916916916916918,-6.073955522144913,7.345808415838731,-1.2432682569063322,15.608078751315668
2,17.017017017017018,-11.281885078934211,7.144134917742325,7.8670481708487925,17.37808787339734
0,17.117117117117118,14.310970515653976,6.937753538920549,9.570324448251725,14.80089131776032
3,17.217217217217218,-8.982024712031404,6.726695696721016,0.15184711938697856,18.957754086725487
3,17.317317317317322,15.239033546067095,6.510994735401544,2.566608722833128,18.177554693916434
3,17.41741741741742,30.803233331735452,6.290685922800014,3.019889761781697,18.95158286136586
3,17.51751751751752,25.60926791799625,6.065806446326814,18.890761081609718,16.699803752687238
2,17.617617617617622,-1.7191851459989105,5.836395408279802,9.370954046359783,17.00435507178662
1,17.71771771771772,3.00743339696884,5.602493820481627,5.343966764109528,16.923142259381894
3,17.817817817817822,-14.055494130447716,5.364144598239706,-11.634251704488275,16.634323562010643
1,17.917917917917922,-36.62043974257807,5.12139255362918,6.7920908380634275,18.664768022458734
0,18.01801801801802,-8.868081106822174,4.874284388099615,-3.2350248868493017,18.306453377420343
2,18.118118118118122,6.4649896143491175,4.622868684406222,-2.9894713805523554,18.459109900288254
0,18.21821821821822,-5.656964857768551,4.367195897866748,18.807517040382567,17.574995998665152
3,18.31831831831832,-6.263981818667751,4.107318346945251,-1.126088046940607,18.755366896346818
0,18.418418418418423,0.4446425679906008,3.8432902031644263,-0.17787265656447046,19.772458786535516
3,18.51851851851852,30.553275566958558,3.575167480348091,2.8081908295180025,18.48087534653687
3,18.618618618618623,-17.49060285782417,3.303008023195957,8.221837852098224,19.446163086609626
2,18.71871871871872,1.1046085518834612,3.0268714951926743,23.930202175038715,18.60899212986029
0,18.81881881881882,13.761138792958635,2.7468193658537743,2.2586056152707474,18.662876741368674
1,18.918918918918923,11.419474882316456,2.4629148973109944,-11.917875077483638,19.16416985059196
0,19.01901901901902,6.233637001843556,2.175223130239931,-0.08303023595696328,19.137731266304364
0,19.119119119119123,26.84782391312521,1.8838108691329567,-5.991154025062075,18.747061996979912
2,19.21921921921922,16.270323419019384,1.5887466669208634,-7.480248000926764,19.707975081357567
1,19.31931931931932,-7.71673749005771,1.2901008089465948,-7.729683538259952,19.003241814604774
0,19.419419419419423,13.181060809794904,0.9879452962948388,0.44840106809719416,17.835842055591108
1,19.51951951951952,3.203062805671851,0.6823538284814559,7.168897060485683,19.01543897340974
2,19.619619619619623,-17.65069686905905,0.3734017855067601,-0.2426098968001021,19.28465653343829
1,19.71971971971972,16.602225269819638,0.061166209277190235,-1.0033678541694002,19.945485782559377
3,19.81981981981982,7.164580992776678,0.2542742156001924,7.882451238947562,16.940718552939437
1,19.919919919919924,17.77991323965844,0.5728391816454905,-7.530049161968273,20.12238292984235
1,20.02002002002002,-9.259317240510438,0.8944467789511842,-23.61532968573333,21.200598282387787
0,20.12012012012012,19.278169436600805,1.2190135162393911,3.672003740298918,21.03389220857849
0,20.220220220220217,-7.780535405518197,1.5464543425259034,-21.78894981767464,19.805819911421768
3,20.32032032032032,-4.088112950562666,1.876682669385272,28.183940789441067,19.387058396938983
1,20.420420420420424,20.25188593926281,2.2096103938112606,6.428351490908171,21.550910272721364
2,20.52052052052052,-10.990431701414671,2.5451479216664725,16.115294502251178,21.32671040851401
0,20.62062062062062,23.657539139784884,2.883204191715041,3.8496901108470114,21.425309553794943
1,20.720720720720717,10.734588796907236,3.2236867002318785,17.358755425071685,20.400941484228944
3,20.82082082082082,-22.93356536087025,3.5665015261819826,-1.446517418051444,19.993118765030637
2,20.920920920920924,-5.7536658584556015,3.9115533569628016,-0.9401021114624344,21.136133943019644
2,21.02102102102102,-17.070570481574276,4.258745514702785,-13.18892466110176,20.21826002055928
0,21.12112112112112,-25.109091916860407,4.607979983108804,-0.5614659599373872,20.330951719296685
1,21.221221221221217,-40.892173950704546,4.959157434855196,-7.615792111417942,21.67757609998319
0,21.32132132132132,-12.576938142420351,5.31217725950662,5.4465932623421764,20.64846128384521
1,21.421421421421424,-7.750487653155401,5.6669375919671845,-0.6929844739205832,22.271661859997398
0,21.521521521521525,-18.607563740736413,6.023335341447622,-10.671340692907565,20.140207091590106
3,21.621621621621625,-24.65807147794209,6.381266220942728,-0.9365217807252084,21.731774671161567
2,21.721721721721725,-23.696015084387184,6.740624777210374,21.03967650181772,20.770447735821524
3,21.821821821821825,-7.86118876347334,7.10130442124376,-0.2833677821949376,22.09707833584116
2,21.921921921921925,7.732395238941617,7.4631974592283274,2.4464726948114235,21.971139164993325
3,22.022022022022025,-0.4733565696411599,7.826195123974304,3.052261311717358,23.34560595523553
3,22.122122122122125,2.20418624442647,8.190187606815947,-1.1242216064061197,22.193594138285288
0,22.22222222222223,-31.019104484824943,8.555064089968297,-2.4274715397713966,21.37033308660317
2,22.322322322322325,-5.089469529993306,8.920712779332137,3.3749779333400363,23.556378326708288
3,22.42242242242243,1.9561977937897748,9.287020937737514,-27.63167986105152,22.299213015479804
0,22.522522522522525,-23.32380057375873,9.653874918616301,-12.207350586560375,21.03039606745086
1,22.62262262262262,-13.686915743027926,10.021160200093814,-12.244435761114467,21.466480084989435
0,22.722722722722725,-30.611026388587717,10.388761419489693,-14.856544251051107,24.07586640463708
1,22.822822822822822,-10.748192292068033,10.756562408217714,26.012366839227877,23.8337755421868
3,22.922922922922925,-25.00154795528034,11.124446227074372,1.6743657814854267,23.980234273208318
0,23.023023023023022,9.655234845540766,11.492295201905732,1.7104543611779577,25.19997505907619
1,23.12312312312313,-25.104122736807042,11.859990959642081,14.196578909913304,20.954827574075146
3,23.22322322322323,23.270568854839425,12.227414464689536,-15.806543019039385,22.683215788620423
3,23.323323323323326,-17.924484476732033,12.594446055667868,-7.6836464420762205,24.69859207639081
0,23.423423423423422,24.59631197273505,12.960965482483466,6.347404390206883,23.73993816295185
0,23.52352352352353,-21.73998863480723,13.326851943726446,21.58766107857292,23.747000219330467
0,23.623623623623622,24.495646271865247,13.691984124380605,-1.0507840441469642,23.208398522117058
1,23.72372372372373,10.404545351248837,14.056240233834775,18.801577963384517,24.343107339236603
2,23.823823823823822,28.365981640980774,14.419498044184266,-14.21333049321646,24.39840832209254
2,23.92392392392393,-22.62444634672441,14.781634928810707,-5.89041354938633,22.79529438281908
0,24.024024024024023,-26.113258391463734,15.142527901228563,1.7856268151029318,24.24346870867289
2,24.12412412412413,-38.47106091822589,15.502053654186534,13.05318036561668,25.498961545740524
1,24.22422422422423,-8.537019597406506,15.8600885990119,-6.691148415194489,23.83536175397797
2,24.324324324324326,11.122105104894926,16.216508905185822,30.92874268698571,23.85070065230165
0,24.424424424424423,14.54671717531696,16.571190540137415,-4.437303556394057,23.706443619178987
0,24.52452452452453,-28.43873560657121,16.924009309244404,-20.243511167408084,25.16455726298961
2,24.62462462462463,-28.50587223827516,17.274840896028007,-24.224100732795577,24.592536020054602
2,24.72472472472473,-51.721045610867,17.623560902529718,0.9124673893186904,24.68640777434725
2,24.82482482482483,-7.695643523736683,17.970044889857487,7.468204937415657,24.45277406554855
3,24.92492492492493,-22.716201569216608,18.314168418888567,-21.538369756088496,23.6659830419532
0,25.02502502502503,-13.616392597355805,18.655807091116646,-4.088800655536464,26.319629295643693
0,25.125125125125127,-70.86143619966222,18.994836589630406,-9.4847572038037,24.69964212540605
2,25.22522522522523,-34.389306182198624,19.33113272021063,3.248663100624643,25.526401168231363
2,25.325325325325327,-22.613458521312303,19.664571452533227,15.494257006773136,24.768267162370798
0,25.42542542542543,-43.172561719566744,19.995028961465028,0.20438417928871735,26.685395182471773
0,25.52552552552553,-13.451350203798617,20.322381668439625,10.122043386542996,25.19467320616093
1,25.62562562562563,-25.72230230189065,20.64650628289989,0.4229149247995993,26.074787065649463
2,25.72572572572573,-15.38447022975955,20.96727984379452,-16.60753181830657,26.06183053465363
1,25.82582582582583,-6.0840098449698425,21.284579761115154,2.9034155452674435,26.06638742704711
0,25.92592592592593,-8.999307732314637,21.598283857460963,46.6993478002761,26.647578501475753
3,26.02602602602603,-11.709009315988428,21.908270409617632,45.191122502236716,27.080794035397105
3,26.126126126126128,-63.36131669787336,22.214418190137486,3.6489161439314644,25.0893821092601
0,26.22622622622623,-13.837826953629964,22.51660650890725,9.463527257469,26.5683645628734
1,26.326326326326328,-7.480442457115054,22.814715254690483,-15.549448885265946,24.93987750433332
1,26.42642642642643,-21.622290060769657,23.108624936631195,-31.88428455622933,28.031928559847174
0,26.52652652652653,-50.880462061937145,23.39821672570529,-35.513422808490006,27.01726538702343
1,26.62662662662663,-5.675838592293173,23.68337249610665,4.186326372457522,24.02095630454484
1,26.72672672672673,-30.07652349734141,23.963974866554302,-0.5791522150653988,28.00691478835943
0,26.82682682682683,-58.984002595912244,24.239907241507424,-32.751523648025135,27.161017739076385
2,26.926926926926928,13.462585170482154,24.511053852274948,-32.443690686973675,27.12341232145547
2,27.02702702702703,-46.198246674903096,24.777299798006034,13.058858780252645,26.95757251019907
0,27.127127127127128,-38.36213738035073,25.03853108654859,18.622118252550766,28.02468204173482
1,27.22722722722723,-25.53099164307555,25.294634675161944,-4.236499009022442,26.915213037245675
3,27.32732732732733,-18.987347415102786,25.545498511070786,1.3067112989628669,25.837402503655873
1,27.427427427427432,3.4659233829065634,25.791011571846862,-0.21031032017258589,26.48939143440217
3,27.527527527527532,-25.115283759621917,26.031063905605173,11.219379224538882,25.7238535521669
2,27.62762762762763,-80.27333334173359,26.265546671001374,-22.170561708153173,28.781221396077896
3,27.727727727727732,2.0214110151911697,26.49435217701741,-7.519698612423731,28.346227388613375
2,27.82782782782783,-23.558067876973716,26.717373922521745,-0.09607173543198304,29.789175628548065
1,27.92792792792793,-4.434190185762667,26.93450663559152,2.4663868231549224,28.364433123679305
2,28.02802802802803,-50.6511633232079,27.145646312583214,27.806374030073442,29.45777651199728
2,28.12812812812813,-21.67517444249978,27.350690256938858,23.182306175503303,27.030431011787485
1,28.22822822822823,-68.76862571091876,27.54953711771497,-17.045747077266203,27.827227559651718
2,28.32832832832833,-44.067728255207214,27.74208692782085,40.34689034122891,28.237282734109968
1,28.42842842842843,-12.47662271429291,27.92824114195384,16.521144710676992,27.40515948043216
3,28.528528528528533,-80.47814221816725,28.107902674218412,-4.8281966084493115,28.40922623146156
2,28.62862862862863,-23.302949345523327,28.28097593541641,-10.870702205090382,29.648430020541678
0,28.72872872872873,-18.71641308905106,28.447366869995907,17.399068305223693,29.81279134294844
3,28.828828828828826,19.27472394853564,28.606982992645758,17.34053155841878,30.022556977040463
1,28.92892892892893,-46.999199050856326,28.75973342452377,-13.916454256728688,28.658989517154357
2,29.02902902902903,-12.741382938585524,28.905528929105696,-11.489263126650094,29.74806991641157
3,29.12912912912913,15.79922039748926,29.044281947642805,-1.5203049005643638,29.280462231530443
1,29.22922922922923,-6.915268921854088,29.175906634215945,-24.99519354823914,28.79479718613211
2,29.32932932932933,12.235240065832178,29.300318890373678,21.198370468895156,28.113976013619933
3,29.42942942942943,-22.71833934944779,29.41743639934268,-56.799050019085605,29.423960222980266
1,29.529529529529533,-20.865962397592945,29.527178659798228,11.856185874006036,29.042793216649358
2,29.62962962962963,-47.84320014181559,29.62946701918316,8.217945143105915,27.91467579684673
3,29.72972972972973,-9.780368781498305,29.724224706563426,-0.105583368776015,28.207622369208146
2,29.829829829829826,-15.763288682205859,29.811376865008665,4.034186113356402,31.248819518082428
3,29.92992992992993,-35.448921033014216,29.89085058348633,6.354409083834232,28.149747863345297
2,30.030030030030037,-40.786858702544755,29.96257492825795,-31.951487827978468,30.018693306239523
0,30.13013013013013,-59.39295459779498,30.02648097376639,0.449700918356077,30.100710465433153
3,30.230230230230237,-19.77921037437516,30.082501833002816,-11.116086726145987,30.818981882774338
1,30.33033033033033,-31.800634508768997,30.13057268734265,7.089670725257993,31.840170204205226
3,30.43043043043043,-51.65238364025146,30.17063081583938,-16.789540482386712,29.6129291556433
2,30.53053053053053,-29.697802136468106,30.202615623965823,-5.667531242312768,30.066167068392872
3,30.630630630630638,8.564077940610552,30.226468671792013,6.882067768793481,31.764478341050445
0,30.73073073073073,-94.58226642847174,30.242133701589605,9.296506252846092,31.46152151103062
0,30.830830830830838,-91.30912089251319,30.24955666485224,-24.669575234354983,29.899957482283945
2,30.93093093093093,-74.68871932367458,30.248685748722053,-7.791832824677059,30.220142175247478
3,31.031031031031038,-24.30617480819696,30.239471401812235,-4.061372401032721,31.079031221876022
2,31.13113113113113,-63.531753438299845,30.22186635941587,-9.97190258129874,29.55711462753366
3,31.231231231231238,-30.937190590090605,30.19582566809157,24.330503711522574,29.88539773157493
0,31.33133133133133,2.893803608702409,30.161306709616323,-50.1104027860909,31.632141786914808
3,31.43143143143143,-57.36522652053358,30.118269224296387,1.2333866844310162,31.333435514382874
2,31.53153153153153,-43.03327734293589,30.066675333627163,-21.93619964915927,30.643140267547988
1,31.631631631631638,6.103577120797496,30.006489562292966,-2.7235253405103648,30.054440020744124
1,31.73173173173173,-28.36218425049139,29.93767885949825,24.80059845737549,31.91313820255413
2,31.83183183183184,-19.22181317664333,29.860212619621425,40.94211034838618,34.824789768409616
3,31.93193193193193,-112.79934881814577,29.774062702183212,3.3427699692829926,30.865552090937143
2,32.032032032032035,-34.331203581484765,29.679203451121143,38.652907076213395,31.63947658773633
3,32.13213213213213,-51.77858037355647,29.575611713362342,-75.201006299957,30.727086215095174
0,32.232232232232235,-74.78918788545039,29.4632668566868,-19.50459827768811,33.17160660011042
3,32.33233233233233,17.705415932320193,29.342150786873606,18.2966740823185,31.87640543399147
1,32.432432432432435,20.46109615614748,29.212247964122575,-3.1811240418463482,31.74475630884676
0,32.53253253253253,-50.41086690526146,29.07354541874444,-48.701349930024406,31.855594330211343
1,32.632632632632635,-6.5413944078192126,28.926032766112215,-48.26365904472245,31.47664179686573
1,32.73273273273273,-20.426648747305226,28.769702220867444,12.682336974552523,32.48835023402975
1,32.832832832832835,-15.50671874172559,28.604548610374426,-11.014905307021325,32.92285972252148
0,32.93293293293293,-6.278292113210287,28.430569387416124,5.13718694547034,32.99358677330175
1,33.033033033033036,-28.307320310510807,28.24776464212601,-0.25663348155515553,33.67498348840094
1,33.133133133133136,-56.84635289718414,28.056137113149422,-51.630742205683845,34.70910280084235
1,33.233233233233236,20.014191049152206,27.85569219802913,-6.422100256092053,33.240341211841
0,33.333333333333336,-15.044925010207093,27.64643796280961,-6.663851969822288,32.42895032457782
2,33.43343343343344,-25.25340201852873,27.428385150854613,28.760657290289586,32.841878260378834
0,33.533533533533536,-18.401557409469625,27.201547190873303,-10.132507070501397,33.308916227513606
1,33.63363363363364,-50.87318489192586,26.965940204150037,-8.900418501876967,32.33251434592538
3,33.733733733733736,-32.51001129115262,26.72158301097316,-19.405737302752787,33.45432449637907
3,33.833833833833836,-20.280789057704283,26.46849713625877,4.70348148838968,36.06592450825449
3,33.933933933933936,-38.793241811154644,26.206706814365287,38.63544719002635,34.560433318955134
0,34.034034034034036,-107.69395428691854,25.936238993094694,36.67979898880629,35.28875799341488
1,34.134134134134136,-34.10688273090959,25.65712333687748,-87.4408713548468,33.97576490293186
2,34.234234234234236,-12.920574586359065,25.36939222913726,-5.638563546332482,35.30580205590092
0,34.334334334334336,-59.784738431343044,25.07308077383253,-8.258604971912517,32.822944486465715
1,34.43443443443444,56.1124190826069,24.768226796172247,12.237506799907827,35.16138053056215
2,34.534534534534544,-68.27531135775936,24.45487084250277,4.526644947384962,34.840811747158874
2,34.634634634634644,-51.359945546683036,24.1330561793641,-5.3371521347962645,34.85074888132694
2,34.734734734734744,-61.687472136880906,23.80282879171266,-13.753047468757847,35.637111353371886
1,34.83483483483484,-55.65530858319338,23.46423738030916,-23.939487314246463,34.265034233896344
2,34.934934934934944,-30.28857389654851,23.11733335826999,-27.582704620183396,36.194250662021744
2,35.03503503503504,43.41071012598618,22.762170846780286,18.779962560694734,35.151506335921624
2,35.135135135135144,2.282270730696105,22.39880666996811,47.86811272988664,36.83923152854469
2,35.235235235235244,-39.018059293075524,22.02730034893841,33.49271990033777,34.40408801915949
0,35.335335335335344,-49.74811178078211,21.64771409496625,-13.727585530145008,35.02771630604471
0,35.43543543543544,13.650499543938801,21.260112801849157,-25.80165505195104,36.383845666723104
3,35.53553553553554,-47.170162752172615,20.864564037418173,20.476227326658734,36.13416042121863
1,35.635635635635644,-74.78425323998817,20.461138034207746,-6.306989763799412,34.75567955956569
1,35.73573573573574,-7.218211663760477,20.049907679285194,-8.799105178937971,35.61917521091219
2,35.835835835835844,-101.5819595281853,19.63094850323984,9.283675361390998,34.47475277303357
3,35.93593593593594,-1.704780710308729,19.204338668333254,3.4994924771676117,37.1098439771981
3,36.03603603603604,-52.276079514225934,18.77015895581138,3.8264230449370857,35.199401687907844
0,36.13613613613614,-43.61199269112538,18.32849275237994,-8.132215563814487,37.463900781906354
3,36.236236236236245,-58.411805521562506,17.879426035845253,6.707426800791363,35.78747038985903
1,36.336336336336345,-4.085676914185639,17.42304735992175,-11.777749127626569,36.467877858815704
0,36.43643643643644,12.81611301558682,16.95944783820865,10.146269965730422,37.393464447287606
0,36.53653653653654,-53.595406713185504,16.488721127338525,-2.5670697920933887,36.43892706964738
0,36.63663663663664,-24.034410509604875,16.010963409299688,29.83605561802207,36.40409127209716
2,36.73673673673674,-43.55668040612789,15.526273372936279,-9.021626303622863,37.390121831475255
1,36.836836836836845,32.128117922319944,15.034752194628416,-1.662067321553815,35.65660251139673
2,36.93693693693694,-16.796771928172944,14.536503518156232,-7.382927890103332,37.122936441234295
3,37.03703703703704,-8.484784832287971,14.031633433751747,-25.918833425065888,36.54221904527954
0,37.13713713713714,-30.54469629347931,13.520250456341984,-0.3628588778065506,37.34539136438487
3,37.237237237237245,-67.37373767002408,13.002465502987823,78.5121492869484,36.49890414016009
1,37.337337337337345,-8.025339141942467,12.478391869523346,4.1518684607991245,37.56364624244666
3,37.43743743743744,9.24642835421413,11.94814520639964,-28.729448136028104,37.4053453216529
0,37.53753753753754,-65.85349178725714,11.411843493738909,-38.349031173225455,37.509033868401
3,37.63763763763764,-1.567954459384474,10.869607015603409,-14.365804999871175,38.76948648736682
3,37.73773773773774,-15.545102349811154,10.32155833348485,-1.013734956093153,38.780658506676545
1,37.837837837837846,-0.6356306794612507,9.76782225902043,52.40826510395141,36.985331144554294
0,37.93793793793794,33.9211904465562,9.208525825940713,15.893318715501149,38.78041511229947
3,38.03803803803804,-13.42577431334669,8.643798261255936,-23.40795907630857,37.20488705919556
3,38.13813813813814,18.68298089736426,8.073770955687532,-31.26805700859097,38.667278761967246
0,38.238238238238246,-100.92591245447905,7.498577433350639,-4.072638909175522,37.942856849893545
0,38.33833833833834,-30.85674203100793,6.918353320695598,-15.366949851379301,38.09269117052652
1,38.43843843843844,11.616204476852404,6.333236314714737,11.18253227962474,39.806517079964046
1,38.53853853853854,-49.46479851446959,5.7433661504221885,-45.09433581718702,39.360172652720316
2,38.63863863863864,34.453934663243516,5.148884567614702,-18.442378521749273,39.770887567529584
2,38.73873873873874,104.15048014821106,4.549935276920476,0.8502622700284966,38.692077121523965
3,38.838838838838846,-8.714366693385887,3.946663925145174,-10.74847001774477,40.80073304974753
1,38.93893893893894,-23.742442275737496,3.3392180599225227,10.542381963740924,38.781983358099936
3,39.03903903903904,26.204558406160412,2.727747093678494,0.16337347305277328,37.787822045587724
2,39.13913913913914,37.41644320458345,2.112402266918083,-3.8395027602226177,40.928897553512655
3,39.23923923923925,-60.25710464322874,1.49333661084313,17.435767145396508,37.78871431374942
2,39.33933933933934,-43.80086590836883,0.8707049093106979,0.011452479130652166,40.074709103091685
1,39.43943943943944,1.1463336288207775,0.24466366014182295,5.466708415168159,37.80170508198131
2,39.53953953953954,-7.012375661186094,0.3846289642105712,-6.303803134309892,38.837524890016454
3,39.63963963963964,-21.259153304103602,1.017013156623663,-5.847498299611182,38.4238751703977
0,39.73973973973974,-9.480079753185741,1.6523275158874022,-5.861071291930082,39.880566843377345
0,39.83983983983985,46.910047308132064,2.290409087897204,27.83478059947012,40.00900347093416
3,39.93993993993994,28.564564164867193,2.931093407445839,4.986562452847668,41.53782310620817
1,40.04004004004004,60.26605135283751,3.5742145406044408,-10.193160063585898,40.571702088211396
3,40.14014014014014,11.058037090420802,4.219605127681379,-9.576055922157877,41.36266675271643
3,40.24024024024024,-30.0609807944662,4.867096426747548,-16.354884630201546,41.32208798538944
2,40.34034034034034,25.998405982744337,5.516518357717628,0.940884103047509,40.1035935990198
0,40.44044044044043,91.36798663008949,6.16769954697476,4.043382743840874,41.64909500451228
0,40.54054054054054,8.056824324403506,6.820467372527809,19.316900733962928,39.53266995373093
0,40.64064064064064,64.84691293087486,7.4746480096889965,0.0044717056372782825,38.44632713760724
0,40.74074074074074,-18.35093472016441,8.130066477259502,-33.22603523214146,41.29010443751388
1,40.84084084084085,13.015768848536673,8.78654668421145,18.04827743334008,41.79577344885043
3,40.94094094094094,-24.803058976700488,9.443911476853486,18.436957510370924,41.76598639130727
1,41.04104104104104,38.164991928790954,10.101982686467057,-37.798963394591546,40.400307705016324
3,41.14114114114114,-24.339407384280186,10.760581177401452,-21.76647486634462,41.46465603435141
1,41.24124124124124,-18.688495060096148,11.419526895613648,-13.416353068508235,40.77963564257193
0,41.34134134134134,-0.5890784807743348,12.078638917640724,-56.83582364769309,41.38077901202074
2,41.441441441441434,-24.1691796870226,12.737735499991233,59.67959897928618,41.49207779471382
1,41.54154154154154,-16.59491036220356,13.396634128941797,6.435581741178673,39.5556466268813
3,41.64164164164164,75.76548979360422,14.05515157072599,-31.451150542665854,41.598658398886364
2,41.74174174174174,20.002919466991237,14.713103922101482,-10.968401961467592,41.89761658783018
2,41.84184184184185,22.48554330399807,15.370306661281196,-7.939277620018531,42.22966756449394
2,41.94194194194194,-11.044199810040435,16.02657469921543,-29.31470218847961,41.42758903942351
0,42.04204204204204,54.803037256878824,16.681722431209586,4.38182707872836,43.559548761456
1,42.14214214214214,75.64868103508319,17.335563788864334,47.93943118758803,43.1592264234023
2,42.24224224224224,54.597535363755256,17.98791229232321,-72.79771094388819,43.30232311250017
2,42.34234234234234,36.07865593649484,18.63858110281298,5.099326193889127,40.835888639318384
3,42.442442442442434,-28.5343653014003,19.287383075462664,-13.398785279318426,44.16579489028448
2,42.54254254254254,-23.974997345307923,19.934130812386094,-18.922907481746922,43.40552993614863
1,42.64264264264264,125.84961106170591,20.57863671601289,-13.01023888790485,43.103865050157154
0,42.74274274274275,7.621361516900669,21.220713042653607,-39.790492067835366,45.064468627215824
1,42.84284284284285,14.55184811489563,21.8601719562828,10.572880883702279,43.92280530519884
1,42.942942942942956,50.20451013313803,22.49682558252624,2.243725719111667,42.45805235876508
2,43.04304304304305,-9.035996859150801,23.13048606283555,5.29089453335835,41.74921486848842
2,43.14314314314315,51.62547395866124,23.760965608835985,-28.44619128247481,42.67014328171781
1,43.24324324324325,45.09617191822765,24.388076556830946,0.8341201359766817,42.466538675014384
2,43.343343343343356,20.55157028028214,25.011631422448612,-6.2418424496023075,42.62589556240852
2,43.44344344344345,99.9728295386567,25.631442955414077,-24.636917201373855,43.120646587031224
2,43.54354354354355,-58.873969507237405,26.247324194432057,-3.513100223862013,44.69631690656964
0,43.64364364364365,0.6889668072503277,26.85908852216396,7.2553790438507715,44.508265203677304
3,43.74374374374376,8.472755869188497,27.46654972028335,-36.08718361116726,42.51090134947236
0,43.84384384384385,45.84743018128005,28.069522024594328,10.266754099422476,44.704083816870735
1,43.94394394394395,20.654997529338765,28.667820180196557,-60.713556048772936,44.54300415138877
3,44.04404404404405,26.446086657388438,29.2612594966806,-18.574662250389874,43.945619660417684
3,44.14414414414414,45.918383129345855,29.849655903338352,-26.13298265186317,42.99906417362673
3,44.24424424424425,104.51713922090393,30.43282600437137,0.8155644923760977,44.491520394325725
0,44.34434434434435,44.894885332556626,31.01058713408175,-22.86138517922109,45.001529529191046
1,44.44444444444446,16.921671471983167,31.582757412029157,4.969996695820154,45.64444025837162
0,44.54454454454454,113.33684349713407,32.149155798137286,-0.6308122905051424,43.071600331332924
3,44.64464464464465,46.47183741843941,32.70960214773427,-48.21857402344924,41.449247894952066
0,44.74474474474475,60.51927601003357,33.263917266510305,23.675454444611148,44.73232222467443
0,44.84484484484486,30.364090660235338,33.811922965375985,4.422221205361786,44.37669814106987
0,44.94494494494496,35.94336817830821,34.353442115205844,-8.264742440827517,44.580872805907774
1,45.04504504504505,3.5586833523394468,34.888298701449735,4.265749793753474,45.14765712554039
2,45.14514514514515,27.262000617820178,35.416317878596686,-28.312896450826788,45.5850510423131
0,45.24524524524524,82.28620377195107,35.93732602447444,-20.880996521438053,46.37443034505388
0,45.34534534534535,40.79420310635308,36.4511507943682,17.286268797103713,46.294597660822156
0,45.44544544544545,90.98851511105629,36.957621174942936,-26.09159312103316,44.75527823298224
2,45.54554554554555,0.2580259314168387,37.4565675379524,106.67578942761295,44.50142032764133
3,45.645645645645644,84.2074571580609,37.94782169371866,-12.52053549692173,45.282365741239865
1,45.74574574574575,68.28147160479757,38.43121694436655,-4.5119422104807665,46.05064583125186
2,45.84584584584585,28.204990661492072,38.906588136795726,4.690092345552483,47.58643831818561
1,45.94594594594595,46.09882169565679,39.37377171537537,24.01229949368676,46.214479344601756
3,46.046046046046044,-36.3655568858093,39.8326057743447,33.39211885931149,46.717911763049976
3,46.146146146146144,14.316567266204045,40.282930109903276,9.202999172107466,47.07487465419423
1,46.24624624624625,63.531640886529466,40.724586271975376,-4.71214567542128,47.220482007856475
2,46.34634634634635,33.00894848117523,41.15741761563242,-16.390207587555278,45.61322759950242
2,46.44644644644646,36.96735803894969,41.581269352157186,55.884395182313135,44.82488518181425
3,46.546546546546544,24.85516076151804,41.99598859973451,-34.417310715122234,45.7633226692556
3,46.64664664664665,32.69341781725984,42.40142443375235,-3.5798277435461165,46.9392003798355
3,46.74674674674675,90.04725218683555,42.7974279366976,13.347984632574267,47.812306569330616
3,46.846846846846844,76.26973801525813,43.18385224763134,-10.925491885918348,45.635988657584676
3,46.94694694694695,72.69544628833317,43.56055261122733,-4.85801147101434,47.039633399196475
3,47.047047047047045,48.00004947261162,43.92738642635913,-70.9188017398681,47.44235284944072
1,47.14714714714715,30.717922470327053,44.2842132942199,18.45182583494796,45.383953080595276
3,47.247247247247245,44.910563446060934,44.63089506595993,36.898834292710355,47.93541201073161
2,47.34734734734735,135.79756211709505,44.96729588982663,-1.9127711990540404,47.549021555449535
3,47.44744744744745,108.6168962309265,45.29328225779204,21.242210934195143,47.63814914638262
0,47.54754754754755,30.24476715496871,45.608723051652994,24.50721413848812,49.48320761176732
0,47.647647647647645,58.890960220412644,45.913489588588845,-12.795349192124185,48.47473143124623
0,47.747747747747745,60.68480158100136,46.20745566616252,-66.66776028145699,46.424448673254226
2,47.84784784784785,-62.95976550243492,46.4904976067499,-15.234238041307364,48.598437711006845
0,47.94794794794795,88.44071490518337,46.762494301383505,26.47459135135164,49.01015336182781
0,48.048048048048045,71.83393038357816,47.02332725299581,1.91273227089378,48.861062402857286
0,48.148148148148145,55.522329651038724,47.272880619048394,12.061357258334564,49.63383307141621
3,48.24824824824825,7.764486421496315,47.5110412535327,-1.888035931504611,47.77134137172576
1,48.34834834834835,106.86823665258311,47.73769874832853,-23.752623843982374,50.02013245368699
2,48.44844844844846,95.35702923756516,47.95274547390682,25.840645710978716,49.45391951669445
3,48.548548548548546,162.14752354570166,48.156076619362814,-16.33941672329496,47.736250896341296
2,48.64864864864865,-28.66710545875575,48.347590231766404,-26.091373450275068,48.40749396407643
1,48.74874874874875,22.415385680593953,48.52718725481665,-6.133958061914753,48.541929187541314
1,48.848848848848846,51.06886861784725,48.694771566786834,-59.81877348380056,49.7857462142375
2,48.94894894894895,62.253512723042576,48.850250017747776,-5.278291221984548,48.193523266314365
0,49.049049049049046,26.229666746805965,48.9935324660564,-71.3313744561064,50.33733088282926
2,49.14914914914915,-5.882685129313444,49.12453181409714,1.7280790690948071,51.39911974982538
3,49.249249249249246,-18.878756002939628,49.24316404326354,-5.497912684273207,47.33213314167537
2,49.34934934934935,-4.550421176090623,49.349348248168596,8.684659551250181,51.241567743956224
2,49.44944944944945,78.6081783052686,49.44300667007101,-8.559077661593209,49.91842964609247
0,49.54954954954955,55.52204296505274,49.52406472950637,-2.0546427063914963,48.610368133085316
2,49.649649649649646,69.9695980610358,49.592451058111116,84.76702846131587,49.70997189237676
2,49.749749749749746,115.02605399843232,49.64809752962843,13.875039909683275,48.27165751131686
1,49.84984984984985,104.92155067472086,49.69093929008448,-40.273904853420845,50.447432799979715
3,49.94994994994995,16.768675677372986,49.72091478712439,73.85364501711994,50.57256956918421
1,50.05005005005005,-31.83907195475728,49.737965798497115,7.292222101365635,50.107862125682566
2,50.150150150150154,77.5412978648578,49.74203745967866,-42.50099591395214,49.17815537251151
3,50.250250250250254,61.14669412357482,49.733078290623496,-5.556741134561671,50.19397796475229
2,50.350350350350354,15.50439575146344,49.71104022163404,28.836821672682532,49.807995413720256
0,50.45045045045045,55.01972930437474,49.67587861833854,-21.932658285095354,50.85923534185956
1,50.55055055055057,38.79133164599661,49.62755230576737,-30.23218371722044,50.386041393513565
3,50.650650650650654,1.571407071818797,49.56602359151899,6.31018773789149,50.52911887589318
3,50.750750750750754,-35.243188173210555,49.49125828800597,-4.2363285383796265,52.148391623290365
2,50.85085085085085,83.98769029023707,49.40322573377252,9.377556200188264,51.54486776976428
3,50.950950950950954,88.23626373646326,49.301898813874466,35.55407990999785,50.80243950401452
3,51.05105105105106,-26.81104096762182,49.187253979314185,-5.859069534976984,49.81273566311655
3,51.151151151151154,58.98473752870699,49.05927126552122,6.6788861395957015,51.51916602486097
2,51.25125125125125,13.400619179961822,48.91793430987168,-13.26524239487748,50.97379348051362
2,51.351351351351354,35.313313284102264,48.76323036823836,-20.61907123939409,50.36707019518819
1,51.45145145145146,89.17673483612042,48.5951503305642,-63.8781780457041,50.767346998133505
3,51.55155155155156,31.98163065889008,48.41368873545213,5.441305489322044,51.117804805658615
1,51.65165165165166,31.17944773498665,48.218843783764754,-10.039541154259043,51.73957585753931
1,51.751751751751755,44.85167459465364,48.010617351226685,-1.5861844648128267,50.22165495910427
1,51.85185185185186,111.68175032455629,47.78901500002365,18.27571297673425,52.761587060470845
3,51.95195195195196,-16.666822611514508,47.55404598939258,-4.83821150526688,51.968537399000176
1,52.05205205205206,41.92833752394525,47.30572328519624,-3.8064581678988314,51.34346513437489
1,52.152152152152155,40.22919729158888,47.044063568477824,3.6635544447021138,52.768283304515656
0,52.252252252252255,-15.076923851648658,46.7690872429896,-86.02211117609421,50.48234145759693
2,52.35235235235236,120.05348799347614,46.48081844169103,-43.244330538812285,52.78230641811356
2,52.45245245245246,103.5544946045144,46.179285032211936,-8.653444079001263,54.28499069939332
2,52.55255255255257,166.83184101144224,45.8645186212758,9.537073784250405,51.972800431210686
1,52.652652652652655,81.39820230943513,45.53655455807992,36.47871710091244,53.8071540019896
1,52.75275275275276,54.14547413911026,45.195431936628026,26.995225939744692,53.35135025689682
0,52.85285285285286,112.73076322617308,44.84119359701227,22.18970434463428,52.80217028761114
1,52.952952952952955,74.69860300769446,44.47388612564114,44.11032493163216,52.58026289892689
2,53.05305305305306,18.584714979999163,44.093559854410884,13.186819679474148,53.01567379386714
2,53.153153153153156,-6.169435399850003,43.700268858817104,30.531102518234697,53.033906023065434
2,53.25325325325326,63.376304917812355,43.29407095500521,13.092062716044593,52.46925005661683
0,53.353353353353356,21.332097570711085,42.87502769575683,2.891471948819833,52.65315260363024
0,53.45345345345346,44.66181639195282,42.443204365411184,30.066529098538414,54.33389778882781
3,53.55355355355356,24.92296162605928,41.99866997371944,16.138680360338874,55.18402715679061
0,53.65365365365366,99.84586198049,41.541497248631416,-58.27078485229856,55.47743544216957
2,53.753753753753756,107.78149915936778,41.07176262801389,-1.1663150385146193,52.93883131741886
0,53.853853853853856,12.301081513306098,40.589546250299506,12.954624080444825,53.67410617691907
3,53.95395395395396,102.32082147585122,40.0949319440666,28.847233318781353,53.95414029353464
1,54.05405405405406,162.86920050117502,39.58800721655003,-23.664760207304116,52.87291945658891
2,54.154154154154156,48.51738968015273,39.06886324108283,-12.415705751166172,52.76250402062761
3,54.254254254254256,50.57377956329262,38.53759484347074,140.8652650063964,56.2849366480887
3,54.35435435435436,64.0054706066349,37.994300487299036,22.686929400671488,54.136313545033715
2,54.45445445445446,112.52417637627256,37.43908225817426,11.810386540876674,55.387589116092435
3,54.55455455455456,26.337089761899854,36.87204584690186,12.6068960382302,56.74728594497826
1,54.65465465465466,85.15614142376515,36.2933005316021,55.40870638503476,56.00915793172616
2,54.75475475475476,36.03178373723089,35.702959158765786,-14.782535529733194,56.613544616821386
3,54.854854854854864,-75.53043517249469,35.101138123253826,13.9268697559214,55.46789905858842
3,54.95495495495496,25.724688921187173,34.487957347241604,55.31011896935311,55.273378848025246
1,55.055055055055064,-14.060598608085895,33.863540258113,71.59509144557512,56.32582911713004
3,55.15515515515515,91.767953969495,33.228013765306635,56.62529025619605,54.836495541526325
0,55.25525525525526,-62.23752081737977,32.581508236118175,-2.586317504272814,55.489871062097215
0,55.35535535535536,-6.080313281163748,31.92415747046372,14.911515576715415,56.2279081204593
2,55.455455455455464,15.3170727653831,31.256098674607248,4.860705849147535,54.09535340058041
2,55.555555555555564,-4.144975893600473,30.577472433858,8.613435732929544,56.43960671115712
0,55.65565565565566,-5.733240412760058,29.88842268424233,-22.70638459530768,56.749194196920214
0,55.75575575575576,92.12503718493656,29.189096683155114,-40.14748700001623,55.0324315645813
1,55.85585585585586,-37.48062019293806,28.479644978997367,25.033037162085186,56.63826583275559
3,55.955955955955964,1.2165714432967434,27.76022137980453,-32.511340266893356,55.77053761555108
0,56.05605605605606,37.434208932120455,27.030982920872802,-9.944305553262238,56.622224396083965
1,56.15615615615616,-22.70424266865122,26.292089831389514,-8.845845856699894,57.43770257713129
3,56.25625625625626,20.77956951988184,25.543705500074626,-32.79430009160235,56.3282539637946
2,56.356356356356365,11.466614289328355,24.785996439839906,19.09455745239925,56.889759747899475
3,56.45645645645646,72.65731150228305,24.01913225147447,-126.0137571246924,56.773433667043285
1,56.55655655655656,39.32010721608778,23.243285586362692,-28.99489463199725,56.930337505478676
0,56.65665665665666,46.55498870844642,22.458632108243844,-54.95226340128299,55.721455760583495
1,56.75675675675675,46.162480570158245,21.665350454021127,62.51199095292283,56.12742425072904
0,56.85685685685686,-31.450520642991535,20.863622193628512,-0.4786236886850693,56.30859522880169
0,56.95695695695696,-45.3266354898391,20.053631788965355,10.586537530535619,56.991834618779535
3,57.057057057057065,25.4229653778425,19.23556655190621,32.39252898843477,56.26544000776743
0,57.15715715715715,25.326110375549487,18.40961660139671,16.23378999845364,56.94072161938019
3,57.25725725725726,114.83817206489263,17.575974819644646,-84.62355835832906,56.56869749119547
3,57.35735735735736,11.040776835033913,16.734836807415853,-18.697031987105625,57.31774076671889
0,57.45745745745746,41.0937638922191,15.886400838446573,43.334044724562084,56.95543209082439
2,57.557557557557566,-81.62494689155956,15.030867812980892,6.052277556209288,56.72400819944464
1,57.65765765765765,31.259379230905605,14.168441210445561,-14.109135902589705,58.796229611283906
2,57.75775775775776,-31.483175922004953,13.299327041272738,33.551068995726816,57.77213548703726
1,57.85785785785786,76.5665066300644,12.423733797881555,-15.790510107508966,58.1379913759726
1,57.957957957957966,-113.09866461292542,11.54187240483159,-4.807902784532125,58.961946087412045
3,58.05805805805806,-68.98791279268501,10.653956168158118,61.60262345666344,57.110656608222435
2,58.15815815815816,-12.677545779515025,9.760200723902773,-4.6328731672065375,57.43956077254536
2,58.25825825825826,183.37710566510208,8.860823985851438,33.23870767510586,58.43138971974797
2,58.358358358358366,140.83526965290267,7.9560460924921275,-2.4541379540024733,56.40899847456417
2,58.45845845845846,-53.34903039100882,7.046089353205235,-2.8655197172969777,57.81174189536703
1,58.55855855855856,71.83496843524901,6.131178193700718,7.134238392681105,58.56824038313211
0,58.65865865865866,67.19781135796899,5.211539100713631,-3.0419543338283503,58.42412121313917
1,58.75875875875875,-87.82563260250414,4.287400565973112,22.105594150424963,57.6923985031236
2,58.85885885885886,32.122534769164915,3.3589930294581505,13.847978408699277,57.88924041211162
3,58.95895895895896,-6.107907727687673,2.4265488219537663,-8.598439707554407,58.95933084525358
2,59.05905905905907,-8.858024709385152,1.4903021069233984,-6.433581432097488,59.31526872792435
2,59.15915915915915,19.02930780604148,0.5504888217100172,5.505460056385522,59.82926806906175
2,59.25925925925926,-29.460951243871328,0.3926533819177453,2.8226765281414448,56.936047331906636
3,59.35935935935936,-2.039253896409501,1.338885197859971,-154.36085202430866,59.54164186823176
0,59.45945945945946,29.506160132727466,2.2879657264056767,22.45246647499702,59.28108436560972
3,59.55955955955957,122.82902751998395,3.2396525355618917,-5.83833565868201,59.84380471632017
1,59.65965965965965,-106.46504404992216,4.193701722978077,49.973756253645675,59.88430476076377
3,59.75975975975976,-0.6624687883969047,5.149867978448515,5.218473006692428,58.93714323151133
3,59.85985985985987,34.06698696873361,6.107904646977245,-4.091114700831432,59.62633518826392
1,59.95995995995997,-91.27822013352859,7.067563792389272,-19.764669092276304,58.793477725743415
2,60.060060060060074,-36.11174491938797,8.02859626147162,26.968864664214863,60.22342316379191
0,60.16016016016017,29.36069453592541,8.990751748627652,40.8752947265161,59.51393122757719
0,60.260260260260274,78.15306608175328,9.95377886102778,33.494761552479915,59.29026263647461
1,60.36036036036037,20.917809299570845,10.917425184240244,36.03145590723119,60.097325521021645
0,60.460460460460475,-47.70793071661561,11.881437348323292,88.69155858682885,59.59035055420959
1,60.56056056056057,-27.431231542955604,12.845561094363509,63.16605735480147,61.46323359820318
1,60.66066066066067,-30.30550360647275,13.809541341441346,-63.570649933493364,62.81060294910935
3,60.760760760760775,-8.889246246651078,14.773122254006688,-4.976594791227551,60.62853209375239
0,60.86086086086086,-150.57017301756167,15.736047309647276,106.72677344440508,59.856599044590865
3,60.96096096096097,-51.57992954286061,16.698059367230435,29.671329850623778,61.532619320228484
1,61.06106106106107,-2.8378755884053617,17.658900735402188,8.194633176728734,61.40725728981384
1,61.161161161161175,72.10021487268357,18.618313241423945,-9.263363805332423,60.80878506108972
3,61.261261261261275,-44.322495788283746,19.576038300329067,35.76787831436218,61.89293270267471
0,61.36136136136137,-27.324173419911126,20.53181698438063,-85.7915113969316,60.743014278184994
1,61.46146146146147,71.24570443101834,21.485390092812384,41.742583452045935,61.53829103564356
3,61.561561561561575,-70.80923257938983,22.43649822183266,18.07635470950721,61.61279621963638
0,61.661661661661675,-6.035307137303704,23.384881834874438,-10.515502444907575,61.78324000228361
3,61.76176176176177,-88.62762696994106,24.330281333071113,50.05941671672672,60.98073492869624
0,61.86186186186187,-62.13580379602256,25.272437125939323,3.614238544852728,61.69803675235127
1,61.96196196196197,-51.10095452005494,26.211089702250305,-94.44902646969841,61.8863512053724
3,62.062062062062076,-102.65550435766158,27.14597970106902,32.465840573182895,59.384414943758316
2,62.16216216216217,-70.39771912801572,28.076847982943512,-6.0300865435809685,63.69239884409213
0,62.262262262262276,-4.499523789737463,29.003435701223825,28.020304572723425,62.038847602484395
1,62.36236236236237,25.695810079435468,29.925484373491365,-1.3670155991313049,62.654509920202386
0,62.462462462462476,-86.70651397741575,30.84273595307949,0.11011101022978273,64.04017835832629
0,62.56256256256257,-116.574185282656,31.754932900664464,79.25966800634582,63.33011209571239
2,62.66266266266267,-33.845752605187805,32.66181825590882,-19.685324898358267,62.2887578905981
3,62.762762762762776,-36.05441872445969,33.563135709135864,39.26970000767435,63.676808384725256
2,62.86286286286286,-5.877110802946702,34.45862967301625,-2.9027345877325463,64.14338277438387
3,62.96296296296297,-177.71113319073163,35.34804535424643,-93.2943685123081,63.729267942988656
1,63.06306306306307,124.71437557624027,36.231128825199626,12.761026827289314,63.62576083735178
1,63.163163163163176,-109.25978796636996,37.10762709552798,39.91604075877585,63.24519158678621
3,63.263263263263276,-34.53789452655214,37.97728818369785,-9.67248428605059,63.81685712201002
0,63.36336336336337,42.57389273691147,38.83986118843661,-0.5162468885068874,62.2303433244825
3,63.46346346346347,11.617000608191926,39.69509636007167,26.91107776868327,61.58274093210999
3,63.56356356356357,-153.7090935744969,40.54274517174189,40.30506524406199,62.56763863897423
3,63.66366366366368,-23.53622943178349,41.38256039046011,8.013837090086843,65.40047775507774
3,63.76376376376377,2.5678009054261253,42.21429614800847,4.893220748025924,64.76735967501946
1,63.86386386386387,-26.20553354478791,43.0377080116451,58.54876681857069,63.79157373076538
1,63.96396396396397,-41.51153929052058,43.85255305460265,-40.522478160827106,64.0469319171924
1,64.06406406406407,-41.87302060625453,44.658589926358985,3.0159625927509865,63.67242215837801
2,64.16416416416415,33.13115557463017,45.45557892265865,-37.735512047180116,63.60249791660379
0,64.26426426426427,31.917975089743308,46.24328205526753,-2.7362267028159915,65.42818019700728
2,64.36436436436436,-133.6483480088903,47.02146312143721,17.601239684210388,65.41129658449849
0,64.46446446446447,-72.82728418106777,47.789887773063924,92.08316737493642,63.712679891923656
0,64.56456456456456,-13.131733968954736,48.54832358551642,23.519064684406587,64.74391618325248
2,64.66466466466467,-57.393586070061644,49.29654012611868,-16.389796624858306,63.41371992323984
3,64.76476476476476,-89.87017843957993,50.034309022262754,46.950996365056774,66.05214698799479
2,64.86486486486487,-18.157155116957398,50.76140402913593,-24.016834549813034,64.52466542252672
3,64.96496496496496,28.39737548263746,51.47760109703908,-45.298405030414855,63.39666311435754
2,65.06506506506507,-107.06683103634607,52.182678438280355,-0.035963991544108544,65.08506477525164
2,65.16516516516516,32.45482548576662,52.87641659362063,-8.129313989533848,66.42688713854304
1,65.26526526526527,-8.209362408083514,53.55859849825485,65.72382011470265,63.15715378172443
0,65.36536536536536,-46.826914059623185,54.229009547307385,5.313829653254124,64.62819538954085
2,65.46546546546547,-86.80635045775921,54.88743766082407,39.53809452839885,64.90986763891244
2,65.56556556556556,-94.72906475594485,55.533673348239326,-0.2696634964481041,66.09639888663946
3,65.66566566566567,-56.83223908511177,56.16750977230281,-58.7076363119279,63.59353477394973
0,65.76576576576576,-181.1483671273924,56.78874281244257,92.50269215358631,66.09640825468837
2,65.86586586586587,-126.3852191252662,57.397171127549655,-14.80991287303796,66.52268517398876
1,65.96596596596596,7.18276101272388,57.99259621816204,175.5719369442369,67.01854474552665
1,66.06606606606607,-110.75944458790293,58.574822488032844,-65.43782032378364,65.8566080017316
3,66.16616616616615,-46.353538119830525,59.143657305060366,-15.454892110674267,67.09832374644311
1,66.26626626626627,-105.75180377172664,59.69891106156586,18.32018435476081,65.90783466340314
2,66.36636636636636,-12.853294803666106,60.24039723389678,-38.43561141689999,68.43484585081491
1,66.46646646646647,-63.9975744568793,60.76793244134098,-33.32874643975639,67.78244739275839
1,66.56656656656656,-44.457583696525305,61.281336504330994,-14.42095979623301,66.98510269663856
2,66.66666666666667,-3.481727320656148,61.78043250192352,-3.149894032126794,66.01643198479515
3,66.76676676676676,-231.1562874233844,62.26504682853365,70.98744967341733,67.69321350736477
2,66.86686686686687,-178.6678860241758,62.73500924990896,33.99528434669421,67.83679887041683
2,66.96696696696696,-119.18074993270183,63.19015295832448,-6.949613303191375,66.84704477506983
2,67.06706706706707,-101.90777559812638,63.63031462698272,-20.632687674131446,67.68292424248719
1,67.16716716716716,-62.2485785288181,64.05533446360046,-7.976717108964106,68.10174839243092
1,67.26726726726727,-157.23190583526872,64.46505626316768,-72.13049297797114,66.89058129732133
1,67.36736736736736,-58.710335909168386,64.85932745985967,-28.917641709903652,67.27871987595921
2,67.46746746746747,19.693043584339822,65.23799917808854,-38.98087640487303,68.41408665890603
1,67.56756756756756,14.892975560958734,65.60092628267546,-6.386395164725123,67.84531755027376
2,67.66766766766767,-92.27393566912008,65.9479674281306,-37.74426540946792,66.85040415154454
1,67.76776776776778,-214.76868892686505,66.2789851070222,37.549626260307996,67.83770824941458
0,67.86786786786787,-80.4736928193772,66.5938456974219,-30.34594638861824,67.16105158532494
2,67.96796796796797,36.16821083304581,66.89241950940895,-26.928375950360145,69.02322915341392
1,68.06806806806807,-85.44673614285135,67.17458083062017,21.67365678971961,66.97186623364907
3,68.16816816816818,43.63942529077734,67.44020797082908,-2.490577886864586,68.62077532735161
0,68.26826826826827,-72.45239503833857,67.68918330554162,1.1631423716913902,66.75043343918924
2,68.3683683683684,-35.47811128266724,67.92139331859221,43.464212227517145,68.32406052907123
2,68.46846846846847,-137.1378871374127,68.13672864372761,13.098951208707756,69.02013749679712
2,68.56856856856858,-72.22454439471026,68.33508410516414,20.26807037762398,68.94218758717018
0,68.66866866866867,10.834540847530578,68.51635875710447,-6.783919010775545,70.1073467273254
3,68.76876876876878,-160.78757735169404,68.68045592220152,-0.09179870238259122,68.62576325748974
1,68.86886886886887,-95.32923742156096,68.82728322895545,-5.407987264115174,68.36560577333123
1,68.96896896896898,6.139169656087559,68.95675264803191,9.801929201021995,66.49037801027983
3,69.06906906906907,-203.74309124718042,69.06878052748817,-11.040705848592,68.67761680673675
2,69.16916916916918,-108.18888136631722,69.16328762689601,-20.65452547303726,68.04879915945163
0,69.26926926926927,-120.4689043221856,69.24019915034809,-2.9560862630729607,69.28441009280203
3,69.36936936936938,-74.93321222753191,69.2994447783375,108.42233256233514,68.26362459036247
0,69.46946946946947,-142.6276519372673,69.34095869849807,-2.662886640533461,69.56839513306672
2,69.56956956956958,-78.89320082885371,69.36467963519503,-103.1731889472894,69.25905219328057
1,69.66966966966967,-103.5357485383568,69.37055087795497,24.71287481362823,70.7446481835681
0,69.76976976976978,-107.24493598513206,69.3585203087245,45.65892063941204,70.8930296680558
1,69.86986986986987,-49.430647098921696,69.32854042794771,-58.7534167302715,70.15117293353103
3,69.96996996996998,-68.02767716619849,69.28056837945249,-8.591569553066988,69.11184243415371
3,70.07007007007006,-83.84472735834244,69.21456597413587,-39.9856430503048,70.397335754736
0,70.17017017017018,-142.36919673374956,69.13049971243936,-4.762091292956844,70.13170064595346
1,70.27027027027027,2.1558124142202932,69.02834080560547,117.32013307002552,70.27739728129825
3,70.37037037037038,-78.65574469005935,68.90806519570631,173.87720012540436,71.19645533497295
1,70.47047047047046,-89.54455115086759,68.76965357443653,14.635553556984107,70.67002697441774
3,70.57057057057057,-72.65632946976953,68.61309140066207,58.963325955998585,68.98523566599613
0,70.67067067067067,36.11235644483313,68.43836891671761,-66.42893003512997,71.5183200909256
0,70.77077077077078,-87.12598399276312,68.24548116344465,71.82078092256789,70.67340104431862
1,70.87087087087087,-90.092584154432,68.03442799396423,-3.7206349828840963,70.27639955201643
1,70.97097097097098,-53.797909924372114,67.8052140861765,-59.66191707474428,69.7600409166116
1,71.07107107107106,-148.4825105029464,67.55784895398175,-104.56230045983796,71.43182870774406
3,71.17117117117118,35.588437074083146,67.292346957216,1.6546699490020076,69.47230541768654
3,71.27127127127126,-42.324813225961364,67.00872731029686,16.934132911512965,70.43898055087769
0,71.37137137137137,54.47697331724478,66.70701408957233,12.273837491426546,71.06229545693546
0,71.47147147147147,-30.582637875631622,66.38723623936978,-14.963469066445466,71.86587098952442
3,71.57157157157158,-106.24158779109518,66.04942757673861,-8.858302921524952,71.68907712672866
0,71.67167167167167,-84.96603981817718,65.69362679488401,-60.972500812092456,72.26043459138555
3,71.77177177177178,14.714119552749764,65.31987746528578,-33.65703016095995,72.52086858179925
3,71.87187187187187,-85.06705324255208,64.92822803850126,111.51232770098265,71.13778940004505
1,71.97197197197198,-90.11697623068045,64.51873184364683,-8.080637449889675,72.60683273378888
3,72.07207207207206,-70.00710405857215,64.09144708655657,22.974700891776234,73.13615726050735
3,72.17217217217218,-80.21999325813447,63.646436846614506,32.597839286938054,74.1635283933715
0,72.27227227227228,11.906475252244265,63.18376907225995,53.947622452478,72.54361333162406
3,72.37237237237238,-6.4296053852531125,62.70351657516162,246.65216974867784,72.78310875461119
3,72.47247247247249,3.906007243420895,62.20575702306196,67.84265994760639,74.20844385028296
1,72.57257257257257,-179.9559247639777,61.69057293128841,18.095902285214684,72.75237044168429
0,72.67267267267269,-62.74837170799852,61.158051652931974,26.9083739332195,72.60578467786615
2,72.77277277277278,-180.23383595707054,60.60828536769232,-10.536582014529943,73.16373554557649
3,72.87287287287288,-41.80914434307722,60.04137106939045,20.753440799116746,72.00464719765155
1,72.97297297297298,35.57482405667223,59.45741055214711,-61.281656570822705,73.84573530485544
0,73.07307307307308,-213.68106242013963,58.85651039523072,4.686890357833637,74.00527079240447
3,73.17317317317318,-169.6162214982296,58.23878194657298,-37.39440628799171,73.69347388367851
3,73.27327327327328,-95.18403717365234,57.604341304956606,-15.85626748736905,72.71763801407172
3,73.37337337337337,-123.62310292536556,56.953309300873535,-4.141527958310763,72.95739798924727
3,73.47347347347348,-45.734376784718044,56.28581147605976,-56.04463731894143,73.74470536556144
2,73.57357357357358,-112.74106589939821,55.6019780617062,-8.536337329818874,73.73348354629745
3,73.67367367367369,-75.77472631141858,54.90194395535041,-19.928882079282637,74.89904814473334
0,73.77377377377378,-87.29979521008623,54.18584869645135,66.76397296865589,74.16247977854331
1,73.87387387387388,-211.72409522897945,53.45383644065264,38.49848505788197,75.33090434924438
1,73.97397397397398,-58.851848395605934,52.706055932735346,114.52268950360443,73.01987920141151
3,74.07407407407408,-191.09570632773227,51.942660478268536,-7.810763940975564,74.03017065133312
0,74.17417417417418,11.281775421428542,51.16380791395915,41.08843962438349,73.00067281384567
2,74.27427427427428,-9.872239040321027,50.36966057670836,-32.73358389881776,73.74222598210602
3,74.37437437437437,-128.6789353672694,49.560385271378564,-15.210967888358773,74.16316328934556
1,74.47447447447449,-61.754884916750214,48.73615323727917,-13.510147787311444,73.38125654409946
2,74.57457457457457,-1.25855069397074,47.89714011337357,-57.17038874412722,73.71999466782894
2,74.67467467467469,-63.7744145369133,47.043525902218725,-2.1161413755638683,75.43712764101652
2,74.77477477477478,79.01385106495002,46.175494932639744,-30.24902611105639,74.16862993583659
3,74.87487487487488,-24.200872192421798,45.29323582115123,81.39625462793973,75.58444556827838
2,74.97497497497498,-102.89180365083736,44.396941432128145,-57.046031661592465,75.97331484182074
0,75.07507507507508,6.9003646234516784,43.48680883673943,36.63724109719455,77.08867837408974
3,75.17517517517518,78.60898056262334,42.56303927064892,-3.3124357079860802,77.06594919046721
3,75.27527527527528,14.593239050694766,41.62583809049417,63.3913258420459,75.8196745772497
2,75.37537537537537,38.16044591927041,40.675414729151406,-1.9464050130948696,76.51269933844334
0,75.47547547547548,70.61510686059688,39.71198264979796,10.222212728072908,74.05542332595584
0,75.57557557557558,-7.584114765810032,38.735759298778326,-16.723413240867778,74.49365472141675
3,75.67567567567569,124.80679487934948,37.74696605728868,-1.0620685126685323,75.52993117075144
0,75.77577577577578,18.918911057981898,36.74582819188639,114.60015352512528,75.40612128531792
1,75.87587587587588,-137.6228922312712,35.73257480383777,1.274875313191848,73.72638097991322
1,75.97597597597598,-83.48436727366797,34.70743877731368,54.51131133490354,75.59726312445224
2,76.07607607607608,-112.37221395335148,33.670656726447184,71.21254557449804,76.96708040489091
1,76.17617617617618,-46.809989685481185,32.622468941260394,-7.974164456192229,77.25253874620884
0,76.27627627627628,6.79681549314229,31.563119332478596,-34.142958934184946,77.72117312932373
3,76.37637637637637,-28.16369701003339,30.492855375238648,3.3364244745410048,76.25724083701263
0,76.47647647647649,18.87771373552797,29.4119280517097,9.640670921880847,75.06719774172629
2,76.57657657657657,-128.66600793897734,28.32059179263352,-6.768793299541653,77.64683576603875
1,76.67667667667668,74.60344531644871,27.219104417804374,173.43922183843128,76.656923069839
3,76.7767767767768,-17.334769550849646,26.107727075497127,29.32343259951895,77.87689054926008
1,76.87687687687688,-101.80495642092771,24.9867241808604,-45.27412126536884,74.8091571293943
1,76.97697697697699,11.298165044315162,23.856363353287822,-26.05433907788765,75.5735682514362
1,77.07707707707708,64.3085414384946,22.716915352784724,60.359719360315154,78.60798552893745
3,77.17717717717719,32.47048347145764,21.568654015340318,-153.7318747272084,77.02573728241774
0,77.27727727727728,-25.00707309707221,20.411856187327114,5.963604730545898,78.59803361096937
1,77.37737737737739,-76.87950108813706,19.246801658937176,4.184614618079693,77.57630149719566
0,77.47747747747748,35.015770706762645,18.073773096676817,17.550243461358505,76.36436368481208
0,77.57757757757759,-15.557590656579931,16.893055974929574,6.219659509303052,76.22425369107349
3,77.67767767767769,-155.03080884045778,15.704938506611606,0.3520251368803136,77.77952672185648
2,77.7777777777778,28.714164717595978,14.509711572928195,-115.46036067439348,77.57186858854651
3,77.87787787787788,34.435589162713256,13.30766865225606,1.6621067413709119,78.88271556829689
0,77.97797797797799,-16.976698698709267,12.099105748162355,-54.368338863953504,77.21164232628783
2,78.07807807807808,73.81377982715853,10.884321316583916,0.8059157515923766,77.3348827571455
1,78.17817817817819,-84.93617934105836,9.663616192178095,-32.077862435226415,79.47024345620727
1,78.27827827827828,-123.65322753171444,8.43729351387031,-50.090468480853005,79.00988269055365
1,78.37837837837839,69.59825173965847,7.205658649611175,1.762569360113189,78.69901044917418
1,78.4784784784785,-107.46361155486309,5.969019120364921,-45.68225876350704,77.42641089602691
1,78.5785785785786,-61.38410766216412,4.727684523346205,-5.474118413027423,77.80833667951696
0,78.67867867867868,3.470377214670217,3.4819664545275515,7.614561532604139,78.08636299992021
2,78.7787787787788,-10.195954006174054,2.2321784304312304,-53.23133801824947,79.05098816062645
1,78.87887887887888,-6.566489349820522,0.9786358092321678,-10.991899484071554,79.36224174651845
1,78.97897897897899,33.81441461300754,0.2783442888148287,56.21835266428616,77.66703330353342
1,79.07907907907908,121.30204463830944,1.53844306159738,26.29247519140625,76.5585098878804
2,79.17917917917919,-35.77367823932951,2.8013401060039183,-3.7098324563686607,77.55625855464254
0,79.27927927927928,38.929728643232686,4.066713499389508,0.7110495811645117,81.73608231191149
1,79.37937937937939,10.463489554891382,5.334239881637104,-106.34942647502828,78.33391324278274
3,79.47947947947948,40.92899339046839,6.60359453778515,0.2475804296780936,79.22786815038855
2,79.57957957957959,-79.1452572097283,7.874451481207338,33.83809117738645,80.15963963436528
1,79.6796796796797,184.2923377498227,9.146483537316998,-2.0686806226986447,81.00871688629101
1,79.7797797797798,101.88835627513849,10.419362427781392,35.16422518969897,81.7956107887582
2,79.87987987987988,-15.176933364481895,11.692758855217068,5.4301046872558505,78.76205658384005
0,79.97997997997999,181.11551882837549,12.966342588350212,26.325463895357935,80.32975374675095
0,80.08008008008008,68.4115263028396,14.239782547616684,19.26940443948708,79.09939665248656
2,80.18018018018019,18.370372237387134,15.51274689118164,43.667350553329705,78.60598806958619
0,80.28028028028028,-72.08544321581672,16.784903101353027,12.552409786574511,79.3632571002942
3,80.38038038038039,22.85223801836453,18.055918071372357,-30.06615113687175,78.3860392513605
1,80.48048048048048,-59.00726050573083,19.325458192552887,12.148802667186038,82.04094157097651
0,80.5805805805806,21.57121583811077,20.5931894417492,-18.96878159343021,78.4069570440967
0,80.68068068068068,10.13431506055937,21.858777469129013,-20.04124013945877,80.93948701226758
0,80.78078078078079,-75.96337859647684,23.12188768623125,-83.76164231700722,80.08405682549616
3,80.88088088088087,-50.78719602807284,24.38218535427885,-194.53549537902745,81.91357599860518
3,80.98098098098099,-54.98690828211415,25.639335672731896,-20.839292492351852,80.94920440386048
1,81.08108108108108,5.022373668655394,26.893003868049437,97.45241116831305,81.88489814386008
3,81.18118118118119,120.3473380488402,28.142855282643485,4.1048643173654185,81.33188760457837
1,81.28128128128128,16.258757545996662,29.38855546399537,38.28929812457954,81.81570092576769
2,81.38138138138139,-2.250340885619437,30.629770253917464,-10.827464445051746,82.7488192528562
0,81.48148148148148,35.33706561242174,31.866165877929422,43.83887661592146,81.53369818094426
3,81.58158158158159,132.68919350748172,33.09740903473088,-0.037094107904443965,82.42653471569125
3,81.6816816816817,84.73578676396455,34.32316698574336,47.157669876371614,80.56747728432353
1,81.7817817817818,-70.67489255446017,35.543107644699404,-17.7228296716395,82.76118149098033
0,81.88188188188188,223.4655126778986,36.75689966725178,82.83739220502969,82.6107096862062
3,81.98198198198199,-82.8525703026394,37.964212540584185,-64.78410133422321,81.38008889150541
0,82.08208208208208,73.72500035529742,39.164716672992455,-55.01658406711593,81.92298148364664
3,82.18218218218219,-30.752176824351093,40.35808348341839,12.216756465984304,84.35121630651928
2,82.28228228228228,94.0735385831392,41.54398549090649,-40.984132711351336,82.71882678982264
3,82.38238238238239,186.62177166883598,42.722096403965374,-5.627526293280895,81.61498341488932
1,82.48248248248248,90.30220021811012,43.892091209802246,4.000581888744058,81.04597579612158
3,82.5825825825826,-107.80553138275063,45.053646263414365,-0.044009632873171466,81.83471804860399
2,82.68268268268268,55.38889448005322,46.20643937650525,9.295949760939274,83.09282032228148
2,82.78278278278279,38.50643845457029,47.350149906208216,38.61300813919254,81.60779626839263
2,82.88288288288287,-17.351457401571892,48.484458843586886,116.85551034999108,82.97273640191915
3,82.98298298298299,56.854596947302475,49.609048901894646,4.8327103895074135,83.94186586377464
2,83.08308308308308,106.67222194290134,50.72360460456255,12.708732324647624,84.36570430558659
1,83.18318318318319,62.95915142157351,51.827812372896226,-5.869240409940759,84.19997063826659
2,83.28328328328328,-52.54076692724307,52.92136061345498,12.003158671165078,82.04767915689027
1,83.38338338338339,94.14214851255863,54.0039398050907,-160.22414380336883,81.90785574903988
2,83.48348348348348,54.867819850328424,55.07524258561943,-0.6105604495301271,83.47793065109006
2,83.58358358358359,-35.379133048381206,56.13496383810669,34.64591039595205,83.51520050758361
2,83.6836836836837,34.228959349415085,57.182800776736364,-81.31811294424615,85.03492704774251
1,83.7837837837838,60.356969799874925,58.218453032244966,6.538386184854338,83.53994604675378
0,83.88388388388388,51.89445184169877,59.24162273689214,-148.08866053743833,85.19541800263809
2,83.98398398398399,65.31085176391544,60.25201460894951,-74.09749490860187,84.68786819272384
2,84.08408408408408,21.47065362462191,61.249336036677256,-37.49085728078447,85.29545608818975
0,84.18418418418419,14.380204503705134,62.23329716177208,-9.144495084345474,83.9105382203957
2,84.28428428428428,133.7696394001745,63.203610962256406,2.1113452831950617,83.34549250554794
1,84.38438438438439,62.608781066452856,64.15999333479087,85.22219045731798,84.37488550191135
1,84.48448448448448,107.60839129082457,65.1021631763821,-5.348385858387081,85.00859767609909
0,84.58458458458459,64.219058495269,66.02984246546757,-21.940858224981007,85.72347556728573
3,84.68468468468468,102.67752552233027,66.94275634234923,-6.510714916474075,85.28166599983541
3,84.78478478478479,109.3334839783768,67.84063318895731,-83.27780160996483,84.65002900330292
3,84.88488488488487,11.950803157747536,68.72320470791897,-78.5530287013506,84.69074299649185
3,84.98498498498498,-16.473620181440893,69.59020600091071,-153.8864578056333,84.67897839918089
0,85.08508508508508,98.51936943138449,70.44137564626978,-14.590013688190341,84.50582990983341
1,85.18518518518519,118.53633739850157,71.27645577584603,24.215340612177233,83.48052168415133
2,85.28528528528528,7.630125536964499,72.09519215106772,-78.14903103730151,87.29147607696733
2,85.38538538538539,-64.95945894136185,72.89733423820283,-4.852086413628993,85.24083644743236
3,85.4854854854855,111.21211106075987,73.68263528279121,-38.89257024207992,85.83962419424591
2,85.58558558558559,4.1070796783955785,74.45085238322872,81.80649483040796,85.12362700351102
1,85.6856856856857,212.04834923345413,75.20174656347962,146.23662936744512,84.54239481552007
3,85.7857857857858,-69.76298396676721,75.93508284489671,-4.901023938216995,85.10282332795491
1,85.88588588588591,-61.70392117978698,76.65063031712897,139.32655798568607,84.97800260828578
2,85.98598598598599,46.21393647190352,77.34816220809397,-10.622143749006929,87.66001411770388
2,86.0860860860861,77.65087533740763,78.02745595299706,-69.39398572437362,85.7399643219003
2,86.18618618618618,-54.7977279151249,78.6882932623738,88.14235519437936,84.73175960985235
1,86.2862862862863,86.09430230832218,79.33046018913862,-85.98111990842449,85.65182273863228
3,86.38638638638639,124.48087025567824,79.95374719461634,-70.19865185691093,85.22487498295938
3,86.4864864864865,-0.9785803920944433,80.5579492135408,61.91587847972629,88.74646523544426
0,86.58658658658659,36.85934746709301,81.14286571799677,79.15354151469923,86.86026381083464
3,86.68668668668671,103.06178316612316,81.70830078028969,28.39075118288289,85.1301687301132
0,86.7867867867868,38.42493078514881,82.25406313472162,39.17558313408068,86.91995063536112
0,86.8868868868869,-22.24317490647627,82.77996623825639,-4.0104403166997535,86.94105319487129
1,86.98698698698698,55.55791114221631,83.28582833005369,33.458277091741515,87.9861892718886
3,87.0870870870871,25.331175035805263,83.77147248985631,93.79950344799556,87.44869982040545
0,87.18718718718719,-2.1446262697482155,84.23672669521011,43.65259061088162,87.32970073954624
0,87.2872872872873,12.358313301417112,84.68142387750066,22.213823968594127,89.95515557469831
3,87.38738738738739,88.6492878203123,85.1054019767887,19.748759541572362,87.65657280756571
0,87.48748748748751,128.39550424523827,85.50850399542752,-24.398446070436783,87.93165603867924
2,87.58758758758759,155.8000434070029,85.89057805044459,27.09349084953418,89.02693635971814
0,87.6876876876877,32.76955603154989,86.25147742467304,-2.0004887561046605,91.19048813491553
1,87.7877877877878,46.42425906280923,86.59106061661396,29.461887691627783,88.4700392602266
0,87.8878878878879,104.32906902960951,86.90919138901656,50.7561568283485,87.91007411007355
2,87.98798798798798,172.28246888893082,87.20573881615795,-8.893550870361643,88.7949336505073
1,88.0880880880881,-20.421687188180886,87.48057732981009,-13.697058384988456,88.40293543216433
0,88.18818818818819,40.227570598350184,87.73358676387609,-26.524231303572048,87.20668987998482
2,88.28828828828829,110.50193870389187,87.96465239768395,56.522497010032026,89.09245739151709
1,88.38838838838839,127.93809054894385,88.17366499792149,115.95423624338119,86.92599866861494
3,88.4884884884885,55.40417083246918,88.36052085919991,-17.880205239890106,88.76197152510927
2,88.5885885885886,150.16819413778657,88.5251218432316,12.992246668555456,88.1580713903733
1,88.6886886886887,140.25675469420275,88.66737541660956,-58.3983764343667,88.32723203684355
1,88.78878878878879,80.30256712351787,88.78719468717497,-72.99560907413766,88.06704679079567
3,88.88888888888891,35.27909030410299,88.88449843896124,122.79382155038769,88.68096018022275
1,88.988988988989,115.624511492145,88.95921116570135,25.03223792986461,86.91852106637256
3,89.08908908908909,202.6750833585831,89.01126310288782,-6.846951268790806,87.50916979947928
3,89.18918918918921,35.056233564679516,89.04059025837299,147.7545725710932,90.49175258788712
3,89.2892892892893,44.458931885560354,89.04713444149898,50.713550879583245,87.68835517301109
1,89.38938938938941,102.20546329192648,89.03084329074682,-144.15343707302014,90.05753937523039
2,89.4894894894895,184.99296666553832,88.99167029989403,63.34214537108871,89.49010574564339
0,89.5895895895896,14.480652272287006,88.92957484267107,-109.58127998606872,89.64451955066092
1,89.68968968968971,159.45353325178868,88.84452219590705,11.36286433483536,90.27462042814214
2,89.7897897897898,-37.273419479678175,88.73648356115551,-2.4988367253112758,90.43629829007246
2,89.88988988988991,198.9970710386151,88.60543608479185,-115.30023767564423,89.73514601404797
1,89.98998998999001,10.712924177747325,88.4513628765733,-160.8670289217371,89.66876284660853
0,90.0900900900901,197.5444552859668,88.27425302665425,18.97360997834732,88.78556901217007
3,90.19019019019021,92.27455015787709,88.07410162104948,5.078256283974129,89.1508374878903
0,90.2902902902903,109.10773663045704,87.85090975553697,13.797163658970765,91.02469772408966
1,90.39039039039042,143.42202517575961,87.60468454799509,-49.385807654776535,89.37260411920063
3,90.49049049049049,215.31803201095866,87.33543914916687,-22.88014767734461,91.3826051086317
1,90.5905905905906,54.46759705246996,87.04319275184541,-139.74542075471706,89.8684501277792
3,90.6906906906907,118.801290655781,86.72797059847551,7.5433524378147645,89.31587079164561
3,90.79079079079081,69.68949498298528,86.38980398716616,-35.22755129661728,91.61343387189574
1,90.8908908908909,257.1149035113191,86.02873027610855,-62.40866278209094,90.72300271754213
1,90.990990990991,195.70908758716544,85.6447928863968,106.83055625861937,90.25501722275447
0,91.0910910910911,148.4084808200156,85.23804130324578,-9.554505685727364,91.18414304179724
2,91.1911911911912,42.86534615341081,84.80853107560463,-110.48654339401043,90.99739784593096
3,91.29129129129129,45.69006823021374,84.35632381416055,-111.26805407292808,89.85263668317545
3,91.39139139139141,23.37625631292256,83.88148718773283,-109.51696354106552,90.03957004104059
0,91.4914914914915,74.14810050496331,83.38409491805317,-92.94089104025973,89.72266073525603
3,91.59159159159158,26.500811476219287,82.86422677293136,-77.77483146909489,91.28889937317577
0,91.6916916916917,-85.47571255390503,82.32196855780455,54.90611800341536,90.0448280437166
0,91.7917917917918,167.94911051562173,81.75741210567053,94.84891949633041,92.7222597190768
0,91.8918918918919,-9.12626570492975,81.17065526540227,-0.2467160414544724,91.41215243802799
0,91.991991991992,5.357452359324711,80.56180188844641,-44.55677272989624,92.31806531278744
0,92.09209209209209,121.28970033030308,79.93096181390408,-120.00911641398591,93.95588029489485
2,92.19219219219221,28.912738586691123,79.27825085199608,-187.53963482878544,90.98533012153422
0,92.29229229229229,68.62929170461551,78.60379076591295,-143.21345321460356,91.8327927533337
2,92.39239239239241,248.24051257032642,77.90770925205315,-10.092715046327037,90.6357706451108
3,92.4924924924925,-19.864975999659592,77.1901399186488,30.380425853099297,93.1771177097858
2,92.5925925925926,-43.294674091489135,76.45122226278511,66.07266984557016,91.81265898690977
0,92.6926926926927,-115.80634942214384,75.69110164581312,-84.51000926149433,91.59435004301682
0,92.7927927927928,40.068095455387095,74.90992926716281,-33.2616156762303,92.07182585437216
2,92.89289289289292,61.165102086129636,74.10786213655601,-22.082170349235692,92.38766391981258
2,92.992992992993,137.9858449086236,73.28506304462854,-159.89002018644896,93.61128624087203
3,93.09309309309309,36.47042752997977,72.44170053196234,56.80647927350731,91.53859793121126
3,93.19319319319321,-13.654668351875275,71.57794885653497,84.27946354413683,93.20080295841738
3,93.2932932932933,35.356335832244156,70.69398795959094,-15.723629398600378,91.89421725356743
0,93.3933933933934,167.24015242842069,69.79000342994298,-3.1233013430085803,93.00655972684223
0,93.4934934934935,176.60240862547292,68.8661864667062,10.869860966881204,93.35410692481742
3,93.5935935935936,-41.4479364733949,67.92273384047628,66.81047031299559,94.20404183591326
3,93.69369369369369,156.3113353538152,66.959847852956,70.80103719602045,92.13744388118738
1,93.7937937937938,214.75372645306823,65.9777362950393,37.54971081310314,92.57974552800195
3,93.8938938938939,155.02509879775087,64.97661240336022,0.3972170804040468,93.79560354362593
0,93.99399399399401,115.31418284988102,63.95669481531775,-8.407761953103316,94.38452314879768
3,94.09409409409409,45.180667409474594,62.9182075225811,-40.73015087285368,94.08272303294285
0,94.1941941941942,13.114190518081651,61.86137982309064,-24.9616222786302,96.1916859724376
2,94.2942942942943,9.864224381923188,60.78644627155902,112.81284082324319,92.34696039528376
3,94.3943943943944,15.284114107085893,59.69364662848796,141.62808624247762,96.59002643707508
3,94.49449449449449,198.0886741635823,58.58322580770566,85.99926434775999,93.65489717870476
1,94.5945945945946,16.668530678480593,57.45543382244231,113.72799223019808,92.96437228901623
1,94.6946946946947,94.63730872374424,56.31052572995021,57.040949175313216,92.17470182275162
3,94.79479479479478,114.6499133314226,55.14876157468329,0.4961123651260526,95.23237759046472
0,94.8948948948949,174.6934595010555,53.97040633004693,4.532430225661081,94.0111497952205
2,94.994994994995,-65.69147699984319,52.77572983873349,28.790754285684198,94.97085097893928
3,95.0950950950951,228.563921576432,51.56500675165175,38.3185540628341,95.75522616799542
0,95.1951951951952,-93.53378064671196,50.33851646547023,-21.161305052000287,95.65909017501352
2,95.29529529529529,82.88320360768006,49.09654305878311,-71.81600283809874,95.31706087519959
1,95.39539539539541,113.54375591885577,47.83937522691618,13.136539870679243,94.9482871833505
3,95.49549549549549,-147.58185767524543,46.567306215385706,82.86817186160334,95.64964296291315
1,95.59559559559558,-5.3812678341135936,45.28063375202846,-79.98077145857938,96.2200019387917
0,95.6956956956957,-29.741378099191127,43.97965997781308,15.491009219895028,95.39654465187375
2,95.7957957957958,-107.20633658347734,42.66469137635549,-5.402050646916732,95.24977098068821
0,95.8958958958959,96.41385093025468,41.33603870214808,-153.62052526245634,96.59862665931082
0,95.995995995996,9.460455532745195,39.994016907525776,15.707815628950431,96.13800699379496
0,96.09609609609609,-88.28441740198119,38.638945068378675,17.212723881667632,96.02424253254595
3,96.1961961961962,126.11403787380743,37.27114630863663,3.4222695522483204,96.2627250590212
3,96.29629629629629,86.33986096677114,35.890947723537224,1.2382832407901458,96.8416082450708
3,96.39639639639641,79.83999477366103,34.498680301698634,82.6971380717265,96.92645538035313
1,96.4964964964965,105.54841618099786,33.094678846014034,10.445437960506254,96.33980024713495
2,96.59659659659658,-41.480246500963005,31.679281893389586,-10.620197931924665,97.15139568004496
0,96.6966966966967,-54.1232091916262,30.25283163333914,9.59263128874344,97.21303781569452
1,96.7967967967968,36.813662259580326,28.81567382546284,1.984011667481988,96.83771351403904
0,96.89689689689692,-89.8106190582292,27.36815771582214,31.569572366854548,96.67708465263016
3,96.996996996997,73.73949383486648,25.91063595223827,-12.825672002545572,97.09176929843626
0,97.09709709709709,0.07573000557077947,24.443464498526932,13.843183505863173,97.92141237438408
3,97.19719719719721,4.715589013615929,22.967002547699195,-31.691821460634323,97.64617143995281
2,97.2972972972973,92.59422295571629,21.48161243413983,-12.602893943956294,98.4612107600636
3,97.3973973973974,-343.0225278200942,19.987659544793967,1.4075179051187154,96.63432269892124
0,97.4974974974975,-124.56471491725564,18.485512229375697,-25.77980444520659,96.60465735197292
1,97.5975975975976,-173.83111394910838,16.97554170962803,-1.4163675703002732,97.18744335436553
2,97.69769769769769,169.09369359751233,15.458121987648425,-130.72170291164068,97.00590243895172
0,97.7977977977978,-41.22049912737049,13.933629753311205,11.603355684553161,97.1108768072273
3,97.8978978978979,48.113201191422796,12.402444290802755,62.80458795906148,98.55801785820988
0,97.99799799799801,-32.33824449362435,10.864947384296599,26.63170661559339,97.3234791174946
0,98.09809809809809,146.674302948969,9.321523222789398,8.409257527900634,96.98988753415031
0,98.1981981981982,118.37767903144086,7.772558304125598,92.28121879607443,97.73238578071123
0,98.2982982982983,34.18879430886154,6.218441338227542,48.72749998283288,98.36011717754971
1,98.3983983983984,-165.89218923533772,4.659563149564157,-75.0619996904618,97.9133433553891
0,98.49849849849849,-38.47415585266317,3.0963165788743137,-44.41505400526972,98.71648006489424
2,98.5985985985986,-8.332507530491442,1.5290963841772591,10.240158595835622,98.56669668936878
2,98.6986986986987,75.5993809130185,0.04170085891350056,-56.33607267591317,98.23230086553025
0,98.79879879879879,-76.18573844542935,1.6156768575375635,-1.5241647081405776,98.87759571444704
0,98.8988988988989,-65.72283634658028,3.1924317025816844,-8.51574913145764,97.49831836483696
3,98.998998998999,-28.11974328108308,4.771563970284757,-7.341651533072901,98.6819558342376
3,99.0990990990991,-37.041797560121715,6.352670824436508,-3.9766401242034064,100.43305308875532
0,99.1991991991992,164.04552031206714,7.935348119136143,63.14389725451419,99.58261531056908
1,99.29929929929929,-118.70826768431131,9.51919050209318,-0.3649458156894579,96.87834583311478
1,99.39939939939941,-102.86336708649424,11.103791518435118,-2.1343268937210977,97.85026164774195
3,99.49949949949949,-40.848524234113924,12.688743715002506,-63.64375837611487,100.06386668066799
2,99.59959959959959,116.58128248134079,14.273638745100715,-18.959136359674712,99.9950993709297
3,99.6996996996997,-46.24249844807997,15.858067473683818,-5.127596361703823,99.07248945430143
0,99.7997997997998,-32.55463718360713,17.441620082939576,-132.393432167029,98.93865484147341
0,99.8998998998999,19.74889586237372,19.023886178255385,6.5457851669403135,100.8570856072928
0,100.0,-15.381922715827338,20.604454894528914,127.70043656084104,99.84454093786651
